dataset,seed,leak,model,val,test,gap,p_single,p_dup,p_cvgap
churn,0,нет,rf,0.9102865448504983,0.9423457749479859,-0.03205923009748757,,,
churn,0,нет,hgb,0.9066445182724252,0.938711052064272,-0.03206653379184676,,,
churn,0,нет,logit,0.8083305647840531,0.8440411433919066,-0.03571057860785354,,,
churn,0,нет,__probes__,,,,0.643640988372093,0.0,-0.0105310982874941
churn,0,признак_из_цели,rf,0.9810714285714287,0.8611953642660783,0.11987606430535036,,,
churn,0,признак_из_цели,hgb,0.9806312292358804,0.8456621462411952,0.13496908299468524,,,
churn,0,признак_из_цели,logit,0.9771594684385381,0.7073839186490529,0.26977554978948515,,,
churn,0,признак_из_цели,__probes__,,,,0.94140780730897,0.0,0.009455702774153418
churn,0,дубликаты,rf,0.9427830046266451,0.9423457749479859,0.00043722967865922335,,,
churn,0,дубликаты,hgb,0.9336357924455941,0.938711052064272,-0.00507525961867783,,,
churn,0,дубликаты,logit,0.8160031333893645,0.8440411433919066,-0.028038010002542135,,,
churn,0,дубликаты,__probes__,,,,0.643640988372093,0.25,0.01662137028542443
churn,0,предобработка_до_сплита,rf,0.8064112083948722,0.9425337778557642,-0.13612256946089196,,,
churn,0,предобработка_до_сплита,hgb,0.7844326035691263,0.938711052064272,-0.15427844849514571,,,
churn,0,предобработка_до_сплита,logit,0.6840743853579325,0.7883588599503671,-0.10428447459243462,,,
churn,0,предобработка_до_сплита,__probes__,,,,0.643640988372093,0.0,-0.13176205764805593
churn,1,нет,rf,0.9259593023255815,0.9275913621262459,-0.0016320598006643872,,,
churn,1,нет,hgb,0.9291196013289036,0.9115614617940199,0.01755813953488372,,,
churn,1,нет,logit,0.8023338870431893,0.8211129568106311,-0.018779069767441814,,,
churn,1,нет,__probes__,,,,0.6439575224040369,0.0,0.016630339854555642
churn,1,признак_из_цели,rf,0.9647799003322259,0.8417981727574751,0.12298172757475079,,,
churn,1,признак_из_цели,hgb,0.9691528239202657,0.823828903654485,0.14532392026578067,,,
churn,1,признак_из_цели,logit,0.9616528239202657,0.6789867109634552,0.28266611295681054,,,
churn,1,признак_из_цели,__probes__,,,,0.9415422807861562,0.0,-0.0031468960387397438
churn,1,дубликаты,rf,0.9439807131829029,0.9275913621262459,0.016389351056656953,,,
churn,1,дубликаты,hgb,0.9424202643681009,0.9115614617940199,0.030858802574081023,,,
churn,1,дубликаты,logit,0.818566863993263,0.8211129568106311,-0.002546092817368173,,,
churn,1,дубликаты,__probes__,,,,0.6439575224040369,0.25,0.029512152582100493
churn,1,предобработка_до_сплита,rf,0.8161394991702378,0.9269808970099668,-0.11084139783972902,,,
churn,1,предобработка_до_сплита,hgb,0.8305137922208735,0.9115614617940199,-0.08104766957314635,,,
churn,1,предобработка_до_сплита,logit,0.7342778589651502,0.7672757475083056,-0.03299788854315544,,,
churn,1,предобработка_до_сплита,__probes__,,,,0.6439575224040369,0.0,-0.07826598350814684
churn,2,нет,rf,0.9269975083056479,0.9058606773118091,0.021136830993838784,,,
churn,2,нет,hgb,0.9393438538205979,0.9132429248239039,0.02610092899669403,,,
churn,2,нет,logit,0.8299252491694353,0.7967981015884156,0.033127147581019756,,,
churn,2,нет,__probes__,,,,0.649796511627907,0.0,0.029635117834514113
churn,2,признак_из_цели,rf,0.9886046511627907,0.8378788258591733,0.15072582530361744,,,
churn,2,признак_из_цели,hgb,0.9882475083056478,0.815690304898938,0.17255720340670977,,,
churn,2,признак_из_цели,logit,0.9693521594684384,0.6749889287176531,0.2943632307507853,,,
churn,2,признак_из_цели,__probes__,,,,0.9457599667774086,0.0,0.014712260347470196
churn,2,дубликаты,rf,0.9558468003634475,0.9058606773118091,0.04998612305163841,,,
churn,2,дубликаты,hgb,0.9626168224299065,0.9132429248239039,0.04937389760600264,,,
churn,2,дубликаты,logit,0.8373572170301143,0.7967981015884156,0.04055911544169877,,,
churn,2,дубликаты,__probes__,,,,0.649796511627907,0.25,0.05152159200507056
churn,2,предобработка_до_сплита,rf,0.8362620067497404,0.904385898946348,-0.06812389219660764,,,
churn,2,предобработка_до_сплита,hgb,0.8474899402907581,0.9132429248239039,-0.06575298453314582,,,
churn,2,предобработка_до_сплита,logit,0.7224899402907581,0.7428454448984366,-0.020355504607678543,,,
churn,2,предобработка_до_сплита,__probes__,,,,0.649796511627907,0.0,-0.06701127246512639
coil2000,0,нет,rf,0.702363154955961,0.6804247194654083,0.021938435490552743,,,
coil2000,0,нет,hgb,0.6816585313136043,0.6518579225130137,0.029800608800590656,,,
coil2000,0,нет,logit,0.7099731623408201,0.6599812676741296,0.04999189466669052,,,
coil2000,0,нет,__probes__,,,,0.6807534357607306,0.092,0.00509478355190307
coil2000,0,признак_из_цели,rf,0.8919649129126964,0.6115564041139069,0.28040850879878954,,,
coil2000,0,признак_из_цели,hgb,0.9214323024550153,0.5613573731515337,0.3600749293034816,,,
coil2000,0,признак_из_цели,logit,0.9477476179325997,0.5504241791098542,0.39732343882274546,,,
coil2000,0,признак_из_цели,__probes__,,,,0.9330994794574831,0.0,0.008961800824090704
coil2000,0,дубликаты,rf,0.7955311832264956,0.6804247194654083,0.11510646376108735,,,
coil2000,0,дубликаты,hgb,0.7592397836538461,0.6518579225130137,0.10738186114083248,,,
coil2000,0,дубликаты,logit,0.7490568242521367,0.6599812676741296,0.08907555657800714,,,
coil2000,0,дубликаты,__probes__,,,,0.6807534357607306,0.316,0.07138844309117787
coil2000,0,предобработка_до_сплита,rf,0.5859625400641025,0.6820097624236747,-0.09604722235957219,,,
coil2000,0,предобработка_до_сплита,hgb,0.5543953659188035,0.6518579225130137,-0.09746255659421021,,,
coil2000,0,предобработка_до_сплита,logit,0.6272452590811967,0.6739224409661557,-0.04667718188495906,,,
coil2000,0,предобработка_до_сплита,__probes__,,,,0.6807534357607306,0.092,-0.1337397620370272
coil2000,1,нет,rf,0.7102433401177976,0.6806858913164864,0.02955744880131117,,,
coil2000,1,нет,hgb,0.7113690808552027,0.6766332246618274,0.03473585619337527,,,
coil2000,1,нет,logit,0.7048307786523532,0.7337758244925161,-0.028945045840162886,,,
coil2000,1,нет,__probes__,,,,0.6592968173057873,0.081,0.02093082735526086
coil2000,1,признак_из_цели,rf,0.9338965038995659,0.6493362632612258,0.28456024063834007,,,
coil2000,1,признак_из_цели,hgb,0.9638141897368467,0.6676813343179813,0.29613285541886547,,,
coil2000,1,признак_из_цели,logit,0.9612745186332607,0.6741656009654353,0.2871089176678254,,,
coil2000,1,признак_из_цели,__probes__,,,,0.9466579008987914,0.0,0.01806051811251741
coil2000,1,дубликаты,rf,0.7968192145407336,0.6806858913164864,0.11613332322424719,,,
coil2000,1,дубликаты,hgb,0.7867474034404414,0.6766332246618274,0.11011417877861396,,,
coil2000,1,дубликаты,logit,0.7595443849399546,0.7337758244925161,0.02576856044743847,,,
coil2000,1,дубликаты,__probes__,,,,0.6592968173057873,0.312,0.08464326492740148
coil2000,1,предобработка_до_сплита,rf,0.6663725251541708,0.6787496172481493,-0.012377092093978526,,,
coil2000,1,предобработка_до_сплита,hgb,0.6456406199285947,0.6766332246618274,-0.03099260473323273,,,
coil2000,1,предобработка_до_сплита,logit,0.6681170886075949,0.7323889119040329,-0.06427182329643799,,,
coil2000,1,предобработка_до_сплита,__probes__,,,,0.6592968173057873,0.081,-0.047791673786763966
coil2000,2,нет,rf,0.6278841477692323,0.7271024334011779,-0.09921828563194557,,,
coil2000,2,нет,hgb,0.6657180424719467,0.7335686881968335,-0.06785064572488686,,,
coil2000,2,нет,logit,0.7122426556674292,0.7573353266449323,-0.045092670977503135,,,
coil2000,2,нет,__probes__,,,,0.6745123291125561,0.073,0.022844782985820045
coil2000,2,признак_из_цели,rf,0.938444496478683,0.6588915506403213,0.27955294583836166,,,
coil2000,2,признак_из_цели,hgb,0.9535834579153084,0.6410778292116213,0.31250562870368714,,,
coil2000,2,признак_из_цели,logit,0.9502332534807904,0.6639168572920983,0.2863163961886921,,,
coil2000,2,признак_из_цели,__probes__,,,,0.9573974675336371,0.0,0.006898834231695017
coil2000,2,дубликаты,rf,0.7326755931407095,0.7271024334011779,0.005573159739531652,,,
coil2000,2,дубликаты,hgb,0.7539053323937045,0.7335686881968335,0.02033664419687098,,,
coil2000,2,дубликаты,logit,0.7354455406780989,0.7573353266449323,-0.02188978596683344,,,
coil2000,2,дубликаты,__probes__,,,,0.6745123291125561,0.308,0.1002225539720959
coil2000,2,предобработка_до_сплита,rf,0.5941292772688122,0.7354599326356742,-0.14133065536686207,,,
coil2000,2,предобработка_до_сплита,hgb,0.6420992874481246,0.7335686881968335,-0.0914694007487089,,,
coil2000,2,предобработка_до_сплита,logit,0.6292968444131235,0.7641257947729606,-0.1348289503598371,,,
coil2000,2,предобработка_до_сплита,__probes__,,,,0.6745123291125561,0.073,-0.017338717658943237
magic,0,нет,rf,0.9070388062576896,0.9295888573232323,-0.022550051065542642,,,
magic,0,нет,hgb,0.9011125657315744,0.9139879699775533,-0.012875404245978883,,,
magic,0,нет,logit,0.8265343205292678,0.8436360129068461,-0.017101692377578304,,,
magic,0,нет,__probes__,,,,0.7929050400409824,0.0,-0.0038034935215288668
magic,0,признак_из_цели,rf,0.9827554500834096,0.8023989898989898,0.18035646018441975,,,
magic,0,признак_из_цели,hgb,0.9841762591345542,0.8091812219416387,0.17499503719291554,,,
magic,0,признак_из_цели,logit,0.973935049980078,0.708960262345679,0.26497478763439897,,,
magic,0,признак_из_цели,__probes__,,,,0.9434905491021977,0.0,0.010241206687982118
magic,0,дубликаты,rf,0.9473831705584069,0.9295888573232323,0.017794313235174664,,,
magic,0,дубликаты,hgb,0.9450640140164437,0.9139879699775533,0.031076044038890416,,,
magic,0,дубликаты,logit,0.8366439973344044,0.8436360129068461,-0.006992015572441668,,,
magic,0,дубликаты,__probes__,,,,0.7929050400409824,0.25,0.03563413685900618
magic,0,предобработка_до_сплита,rf,0.8174397924012867,0.929032074214366,-0.11159228181307923,,,
magic,0,предобработка_до_сплита,hgb,0.8117974676840651,0.9139046717171716,-0.10210720403310647,,,
magic,0,предобработка_до_сплита,logit,0.7877056017229281,0.871365565375982,-0.08365996365305384,,,
magic,0,предобработка_до_сплита,__probes__,,,,0.7929050400409824,0.0,-0.09291102371686777
magic,1,нет,rf,0.8989408514346011,0.9133700539863655,-0.014429202551764386,,,
magic,1,нет,hgb,0.8912829314640245,0.9059376245123494,-0.014654693048324896,,,
magic,1,нет,logit,0.814432267471135,0.82404297892649,-0.009610711455355081,,,
magic,1,нет,__probes__,,,,0.8035740299570087,0.001,-0.027961666940720553
magic,1,признак_из_цели,rf,0.9701345499603748,0.7837173969201938,0.18641715304018103,,,
magic,1,признак_из_цели,hgb,0.9720347999702265,0.7915942397029655,0.18044056026726096,,,
magic,1,признак_из_цели,logit,0.9656991737853068,0.6884334321404959,0.2772657416448109,,,
magic,1,признак_из_цели,__probes__,,,,0.9393543087160108,0.0,-0.00418716051439183
magic,1,дубликаты,rf,0.9333770062233868,0.9133700539863655,0.020006952237021314,,,
magic,1,дубликаты,hgb,0.9251359318702914,0.9059376245123494,0.019198307357942035,,,
magic,1,дубликаты,logit,0.8193296211376788,0.82404297892649,-0.004713357788811212,,,
magic,1,дубликаты,__probes__,,,,0.8035740299570087,0.25,0.0032211554595872327
magic,1,предобработка_до_сплита,rf,0.804985260399607,0.9127461239716099,-0.10776086357200287,,,
magic,1,предобработка_до_сплита,hgb,0.8021137678785893,0.9059288675998616,-0.10381509972127223,,,
magic,1,предобработка_до_сплита,logit,0.7623015613058195,0.8572010280615259,-0.09489946675570637,,,
magic,1,предобработка_до_сплита,__probes__,,,,0.8035740299570087,0.001,-0.11661479707934819
magic,2,нет,rf,0.91693630659702,0.9217873176206509,-0.004851011023630947,,,
magic,2,нет,hgb,0.9090069223393217,0.9102483164983165,-0.001241394158994824,,,
magic,2,нет,logit,0.8337412595067231,0.838923085016835,-0.005181825510111926,,,
magic,2,нет,__probes__,,,,0.781553892228678,0.0,-0.006503947537862098
magic,2,признак_из_цели,rf,0.9736592072367125,0.7852790053310886,0.18838020190562388,,,
magic,2,признак_из_цели,hgb,0.9753230206093936,0.7943585157126823,0.18096450489671123,,,
magic,2,признак_из_цели,logit,0.9688604191934008,0.6895429994388328,0.27931741975456803,,,
magic,2,признак_из_цели,__probes__,,,,0.9484403938859237,0.0,0.002072565475185306
magic,2,дубликаты,rf,0.9458166372471967,0.9217873176206509,0.024029319626545753,,,
magic,2,дубликаты,hgb,0.9362907416712836,0.9102483164983165,0.026042425172967065,,,
magic,2,дубликаты,logit,0.8487925132817098,0.838923085016835,0.009869428264874802,,,
magic,2,дубликаты,__probes__,,,,0.781553892228678,0.25,0.021191854685549516
magic,2,предобработка_до_сплита,rf,0.7923157203045883,0.9217478605499438,-0.12943214024535554,,,
magic,2,предобработка_до_сплита,hgb,0.7842629456405499,0.9102307800224467,-0.12596783438189685,,,
magic,2,предобработка_до_сплита,logit,0.7567675518276576,0.8673453282828283,-0.11057777645517064,,,
magic,2,предобработка_до_сплита,__probes__,,,,0.781553892228678,0.0,-0.12712043768944725
phoneme,0,нет,rf,0.9449726572209792,0.9403925456557036,0.004580111565275602,,,
phoneme,0,нет,hgb,0.9397168205893037,0.9322576164681429,0.007459204121160856,,,
phoneme,0,нет,logit,0.8134142144209258,0.7948666369719002,0.018547577449025576,,,
phoneme,0,нет,__probes__,,,,0.7111959089685697,0.005,0.008562409323127573
phoneme,0,признак_из_цели,rf,0.9789957742977877,0.7742766690135112,0.2047191052842765,,,
phoneme,0,признак_из_цели,hgb,0.9785416547161513,0.775770986297302,0.20277066841884928,,,
phoneme,0,признак_из_цели,logit,0.9687852540201535,0.6360140044350571,0.3327712495850964,,,
phoneme,0,признак_из_цели,__probes__,,,,0.940412093663088,0.0,0.0005208835016057289
phoneme,0,дубликаты,rf,0.9701095238095239,0.9403925456557036,0.02971697815382024,,,
phoneme,0,дубликаты,hgb,0.9657809523809524,0.9322576164681429,0.03352333591280954,,,
phoneme,0,дубликаты,logit,0.8054238095238095,0.7948666369719002,0.010557172551909355,,,
phoneme,0,дубликаты,__probes__,,,,0.7111959089685697,0.254,0.03301075468892256
phoneme,0,предобработка_до_сплита,rf,0.8340380952380951,0.9402704139546245,-0.10623231871652938,,,
phoneme,0,предобработка_до_сплита,hgb,0.8312452380952381,0.9322145111618796,-0.1009692730666415,,,
phoneme,0,предобработка_до_сплита,logit,0.7135,0.7689268215584005,-0.05542682155840051,,,
phoneme,0,предобработка_до_сплита,__probes__,,,,0.7111959089685697,0.005,-0.10046830410574425
phoneme,1,нет,rf,0.9403566245671509,0.9359165567219259,0.004440067845224993,,,
phoneme,1,нет,hgb,0.9444612076191023,0.932694697795369,0.011766509823733395,,,
phoneme,1,нет,logit,0.7803497277181486,0.8143845962637909,-0.034034868545642305,,,
phoneme,1,нет,__probes__,,,,0.7165848261012591,0.007,0.004294788496740143
phoneme,1,признак_из_цели,rf,0.9782437940332678,0.7945634715768944,0.18368032245637333,,,
phoneme,1,признак_из_цели,hgb,0.9773649247333458,0.8176112353964702,0.15975368933687562,,,
phoneme,1,признак_из_цели,logit,0.9557883242093769,0.6610833859156007,0.2947049382937762,,,
phoneme,1,признак_из_цели,__probes__,,,,0.9395687670085829,0.0,0.0018538438587755168
phoneme,1,дубликаты,rf,0.9580914031078392,0.9359165567219259,0.022174846385913383,,,
phoneme,1,дубликаты,hgb,0.9588833916192347,0.932694697795369,0.026188693823865794,,,
phoneme,1,дубликаты,logit,0.7749559873854359,0.8143845962637909,-0.039428608878354976,,,
phoneme,1,дубликаты,__probes__,,,,0.7165848261012591,0.256,0.017311328488474054
phoneme,1,предобработка_до_сплита,rf,0.8306790585832947,0.9357731505382513,-0.10509409195495656,,,
phoneme,1,предобработка_до_сплита,hgb,0.8342644764526548,0.9325608520239392,-0.09829637557128446,,,
phoneme,1,предобработка_до_сплита,logit,0.6933978692646434,0.7875580795043883,-0.09416021023974486,,,
phoneme,1,предобработка_до_сплита,__probes__,,,,0.7165848261012591,0.007,-0.10569743065434267
phoneme,2,нет,rf,0.9406513508862502,0.9382396750817803,0.0024116758044698816,,,
phoneme,2,нет,hgb,0.9331201361402703,0.9357730936678305,-0.002652957527560118,,,
phoneme,2,нет,logit,0.7828352358553701,0.8107677055045476,-0.027932469649177505,,,
phoneme,2,нет,__probes__,,,,0.7119638745177786,0.008,0.0011083386389804106
phoneme,2,признак_из_цели,rf,0.9680992944415763,0.7784267521109627,0.1896725423306136,,,
phoneme,2,признак_из_цели,hgb,0.9692632746324021,0.7853882590724696,0.18387501555993258,,,
phoneme,2,признак_из_цели,logit,0.9545498001873841,0.6381884276621119,0.3163613725252722,,,
phoneme,2,признак_из_цели,__probes__,,,,0.9413427435030952,0.0,-0.004577873916798425
phoneme,2,дубликаты,rf,0.9588596053439804,0.9382396750817803,0.020619930262200103,,,
phoneme,2,дубликаты,hgb,0.9524723587223587,0.9357730936678305,0.016699265054528234,,,
phoneme,2,дубликаты,logit,0.7955265279484028,0.8107677055045476,-0.015241177556144736,,,
phoneme,2,дубликаты,__probes__,,,,0.7119638745177786,0.255,0.018941291861510057
phoneme,2,предобработка_до_сплита,rf,0.8109667728808354,0.9387473597999914,-0.12778058691915595,,,
phoneme,2,предобработка_до_сплита,hgb,0.8026335995085995,0.936381357433989,-0.1337477579253895,,,
phoneme,2,предобработка_до_сплита,logit,0.6772880835380836,0.7842292052818369,-0.10694112174375336,,,
phoneme,2,предобработка_до_сплита,__probes__,,,,0.7119638745177786,0.008,-0.12921433851105857
spambase,0,нет,rf,0.9793702270111936,0.9877452212226299,-0.008374994211436282,,,
spambase,0,нет,hgb,0.9786546709906893,0.9864301150927275,-0.0077754441020382314,,,
spambase,0,нет,logit,0.9702897792656134,0.968709688227706,0.0015800910379074606,,,
spambase,0,нет,__probes__,,,,0.827164699590467,0.071,-0.005508998679677024
spambase,0,признак_из_цели,rf,0.994424102939638,0.9542330502085742,0.040191052731063825,,,
spambase,0,признак_из_цели,hgb,0.9956355267287373,0.9428598951265684,0.052775631602168915,,,
spambase,0,признак_из_цели,logit,0.9894591484464901,0.9205407850429714,0.06891836340351865,,,
spambase,0,признак_из_цели,__probes__,,,,0.9457811213014624,0.0,0.001957625463932744
spambase,0,дубликаты,rf,0.990327365538158,0.9877452212226299,0.0025821443155281676,,,
spambase,0,дубликаты,hgb,0.9895877787951987,0.9864301150927275,0.0031576637024711696,,,
spambase,0,дубликаты,logit,0.9708432946206976,0.968709688227706,0.0021336063929916493,,,
spambase,0,дубликаты,__probes__,,,,0.827164699590467,0.311,0.004856529670780985
spambase,0,предобработка_до_сплита,rf,0.8622545587132435,0.9878834330133521,-0.1256288743001086,,,
spambase,0,предобработка_до_сплита,hgb,0.8620411765437062,0.9864301150927275,-0.12438893854902133,,,
spambase,0,предобработка_до_сплита,logit,0.8609349039365902,0.9806964198957967,-0.11976151595920648,,,
spambase,0,предобработка_до_сплита,__probes__,,,,0.827164699590467,0.071,-0.12078134115275474
spambase,1,нет,rf,0.9758485366303128,0.9838393137357465,-0.007990777105433722,,,
spambase,1,нет,hgb,0.9820115260256991,0.9864086201485511,-0.004397094122852052,,,
spambase,1,нет,logit,0.9611750515153037,0.9801611047180668,-0.018986053202763142,,,
spambase,1,нет,__probes__,,,,0.832534257686459,0.09,0.0015522013727575779
spambase,1,признак_из_цели,rf,0.9898749392705767,0.9555832200020923,0.0342917192684844,,,
spambase,1,признак_из_цели,hgb,0.9940108224020372,0.9420943613348678,0.051916461067169406,,,
spambase,1,признак_из_цели,logit,0.9896508686401635,0.9088858667224605,0.08076500191770297,,,
spambase,1,признак_из_цели,__probes__,,,,0.9364716545313923,0.0,0.00025172887784563613
spambase,1,дубликаты,rf,0.9878924937672664,0.9838393137357465,0.004053180031519887,,,
spambase,1,дубликаты,hgb,0.9885326123576579,0.9864086201485511,0.002123992209106751,,,
spambase,1,дубликаты,logit,0.9633321541675088,0.9801611047180668,-0.016828950550557997,,,
spambase,1,дубликаты,__probes__,,,,0.832534257686459,0.32,0.0074352098952176204
spambase,1,предобработка_до_сплита,rf,0.8651392257934102,0.9834710743801651,-0.11833184858675494,,,
spambase,1,предобработка_до_сплита,hgb,0.8685756519102487,0.9864253583010775,-0.11784970639082881,,,
spambase,1,предобработка_до_сплита,logit,0.8614964456573008,0.9824835233811068,-0.12098707772380601,,,
spambase,1,предобработка_до_сплита,__probes__,,,,0.832534257686459,0.09,-0.11577297574814516
spambase,2,нет,rf,0.9856219269798097,0.9824177849257006,0.003204142054109016,,,
spambase,2,нет,hgb,0.9829772988806361,0.9853663031277747,-0.0023890042471386153,,,
spambase,2,нет,logit,0.9618872266973534,0.9712980181266857,-0.009410791429332321,,,
spambase,2,нет,__probes__,,,,0.8337331328056399,0.087,0.0023692078601948996
spambase,2,признак_из_цели,rf,0.9932126791505388,0.9552298503962072,0.037982828754331566,,,
spambase,2,признак_из_цели,hgb,0.9950664295428392,0.9492846492771105,0.045781780265728655,,,
spambase,2,признак_из_цели,logit,0.9871618370122398,0.9222286441842154,0.06493319282802446,,,
spambase,2,признак_из_цели,__probes__,,,,0.9415476425960173,0.0,0.002240375685544027
spambase,2,дубликаты,rf,0.9880719740558636,0.9824177849257006,0.005654189130162912,,,
spambase,2,дубликаты,hgb,0.985195104090386,0.9853663031277747,-0.000171199037388714,,,
spambase,2,дубликаты,logit,0.9624772465739093,0.9712980181266857,-0.008820771552776385,,,
spambase,2,дубликаты,__probes__,,,,0.8337331328056399,0.318,0.004566090379286791
spambase,2,предобработка_до_сплита,rf,0.8664337273773407,0.9824764202308556,-0.11604269285351487,,,
spambase,2,предобработка_до_сплита,hgb,0.8553823621717753,0.9853160442947848,-0.1299336821230095,,,
spambase,2,предобработка_до_сплита,logit,0.8563301600585834,0.9782379253153742,-0.12190776525679081,,,
spambase,2,предобработка_до_сплита,__probes__,,,,0.8337331328056399,0.087,-0.12733370483202755
ionosphere,0,нет,rf,0.9731182795698925,0.9868861607142857,-0.013767881144393201,,,
ionosphere,0,нет,hgb,0.9479343520090548,0.96875,-0.020815647990945152,,,
ionosphere,0,нет,logit,0.8885116015846066,0.875,0.013511601584606625,,,
ionosphere,0,нет,__probes__,,,,0.7789115646258503,0.0,-0.015416702173917884
ionosphere,0,признак_из_цели,rf,0.9903791737408036,0.9852120535714286,0.005167120169375039,,,
ionosphere,0,признак_из_цели,hgb,0.9824561403508771,0.8973214285714286,0.08513471177944854,,,
ionosphere,0,признак_из_цели,logit,0.9620826259196378,0.8225446428571428,0.13953798306249499,,,
ionosphere,0,признак_из_цели,__probes__,,,,0.9390589569160998,0.0,-0.002569632450787007
ionosphere,0,дубликаты,rf,0.9771205357142857,0.9868861607142857,-0.009765625,,,
ionosphere,0,дубликаты,hgb,0.953125,0.96875,-0.015625,,,
ionosphere,0,дубликаты,logit,0.9235491071428571,0.875,0.048549107142857095,,,
ionosphere,0,дубликаты,__probes__,,,,0.7789115646258503,0.25,-0.00950221838379739
ionosphere,0,предобработка_до_сплита,rf,0.8058035714285714,0.9899553571428572,-0.1841517857142858,,,
ionosphere,0,предобработка_до_сплита,hgb,0.7767857142857142,0.9693080357142857,-0.1925223214285715,,,
ionosphere,0,предобработка_до_сплита,logit,0.66796875,0.8152901785714286,-0.1473214285714286,,,
ionosphere,0,предобработка_до_сплита,__probes__,,,,0.7789115646258503,0.0,-0.18625921504210974
ionosphere,1,нет,rf,0.9737723214285714,0.956140350877193,0.01763197055137844,,,
ionosphere,1,нет,hgb,0.9698660714285714,0.9632144878324844,0.006651583596086974,,,
ionosphere,1,нет,logit,0.8683035714285714,0.9105829088851161,-0.04227933745654466,,,
ionosphere,1,нет,__probes__,,,,0.7054988662131519,0.0,0.023060448841698777
ionosphere,1,признак_из_цели,rf,0.9986049107142857,0.9179400113186191,0.08066489939566657,,,
ionosphere,1,признак_из_цели,hgb,0.9916294642857143,0.8404074702886247,0.15122199399708958,,,
ionosphere,1,признак_из_цели,logit,0.9787946428571428,0.8138087153367288,0.16498592752041397,,,
ionosphere,1,признак_из_цели,__probes__,,,,0.9566326530612245,0.0,0.0011255087324165691
ionosphere,1,дубликаты,rf,0.984366576819407,0.956140350877193,0.028226225942214023,,,
ionosphere,1,дубликаты,hgb,0.9902964959568733,0.9632144878324844,0.02708200812438888,,,
ionosphere,1,дубликаты,logit,0.9164420485175202,0.9105829088851161,0.005859139632404142,,,
ionosphere,1,дубликаты,__probes__,,,,0.7054988662131519,0.25,0.04843738617323512
ionosphere,1,предобработка_до_сплита,rf,0.845822102425876,0.9567062818336163,-0.11088417940774031,,,
ionosphere,1,предобработка_до_сплита,hgb,0.8355795148247979,0.9632144878324844,-0.12763497300768656,,,
ionosphere,1,предобработка_до_сплита,logit,0.7692722371967655,0.7719298245614035,-0.0026575873646379478,,,
ionosphere,1,предобработка_до_сплита,__probes__,,,,0.7054988662131519,0.0,-0.10790813511766839
ionosphere,2,нет,rf,0.9926428975664968,0.9709821428571428,0.021660754709354024,,,
ionosphere,2,нет,hgb,0.9852857951329937,0.9475446428571428,0.03774115227585095,,,
ionosphere,2,нет,logit,0.9434069043576683,0.8900669642857144,0.05333994007195386,,,
ionosphere,2,нет,__probes__,,,,0.7181831065759637,0.0,0.0448137926915515
ionosphere,2,признак_из_цели,rf,0.9960384833050367,0.9486607142857143,0.04737776901932245,,,
ionosphere,2,признак_из_цели,hgb,0.9937747594793435,0.9045758928571429,0.08919886662220056,,,
ionosphere,2,признак_из_цели,logit,0.9773627617430674,0.9006696428571428,0.07669311888592456,,,
ionosphere,2,признак_из_цели,__probes__,,,,0.9427437641723356,0.0,0.028598814676913054
ionosphere,2,дубликаты,rf,0.9983471074380166,0.9709821428571428,0.027364964580873785,,,
ionosphere,2,дубликаты,hgb,0.9933884297520661,0.9475446428571428,0.0458437868949233,,,
ionosphere,2,дубликаты,logit,0.949862258953168,0.8900669642857144,0.05979529466745359,,,
ionosphere,2,дубликаты,__probes__,,,,0.7181831065759637,0.25,0.05293139407971936
ionosphere,2,предобработка_до_сплита,rf,0.8457300275482094,0.970703125,-0.12497309745179064,,,
ionosphere,2,предобработка_до_сплита,hgb,0.8253443526170798,0.9425223214285714,-0.11717796881149156,,,
ionosphere,2,предобработка_до_сплита,logit,0.7724517906336088,0.78125,-0.008798209366391196,,,
ionosphere,2,предобработка_до_сплита,__probes__,,,,0.7181831065759637,0.0,-0.1157041774266655
chess,0,нет,rf,0.9979848581867491,0.9981731891973332,-0.0001883310105841307,,,
chess,0,нет,hgb,0.9990677614976081,0.999626476829008,-0.0005587153313998394,,,
chess,0,нет,logit,0.9901659823973282,0.991719713234648,-0.0015537308373198,,,
chess,0,нет,__probes__,,,,0.6904709584762323,0.0,-0.00010117731371950267
chess,0,признак_из_цели,rf,0.9981700503471569,0.9584039574623024,0.03976609288485444,,,
chess,0,признак_из_цели,hgb,0.9994915062714227,0.9848832975504414,0.014608208720981342,,,
chess,0,признак_из_цели,logit,0.9983112986050949,0.9776576644443606,0.02065363416073429,,,
chess,0,признак_из_цели,__probes__,,,,0.9545098531639212,0.0,0.0007494734868386255
chess,0,дубликаты,rf,0.9984573707577696,0.9981731891973332,0.00028418156043641396,,,
chess,0,дубликаты,hgb,0.999310206436401,0.999626476829008,-0.00031627039260695433,,,
chess,0,дубликаты,logit,0.990979381443299,0.991719713234648,-0.0007403317913490248,,,
chess,0,дубликаты,__probes__,,,,0.6904709584762323,0.2490613266583229,3.4772761638435234e-05
chess,0,предобработка_до_сплита,rf,0.8849988712468959,0.9981826057478624,-0.11318373450096653,,,
chess,0,предобработка_до_сплита,hgb,0.8921758597336142,0.999626476829008,-0.10745061709539372,,,
chess,0,предобработка_до_сплита,logit,0.8875322948804775,0.9917573794367648,-0.10422508455628732,,,
chess,0,предобработка_до_сплита,__probes__,,,,0.6904709584762323,0.0,-0.10672645833174699
chess,1,нет,rf,0.9985121850163847,0.9979561466299967,0.0005560383863880691,,,
chess,1,нет,hgb,0.999704948083418,0.9997551143427645,-5.016625934650687e-05,,,
chess,1,нет,logit,0.9929313094027397,0.9961885745143101,-0.0032572651115704288,,,
chess,1,нет,__probes__,,,,0.684076299170088,0.0,0.0010849153346607077
chess,1,признак_из_цели,rf,0.9986942383266162,0.9755051551570407,0.023189083169575464,,,
chess,1,признак_из_цели,hgb,0.9998242243901214,0.9928229665071769,0.007001257882944478,,,
chess,1,признак_из_цели,logit,0.9983301317061535,0.9815017141996007,0.01682841750655273,,,
chess,1,признак_из_цели,__probes__,,,,0.9411638228684068,0.0,0.0014210779016401442
chess,1,дубликаты,rf,0.9991805749161737,0.9979561466299967,0.0012244282861770817,,,
chess,1,дубликаты,hgb,0.9998618593728416,0.9997551143427645,0.00010674503007701563,,,
chess,1,дубликаты,logit,0.9942043727787615,0.9961885745143101,-0.0019842017355485853,,,
chess,1,дубликаты,__probes__,,,,0.684076299170088,0.2490613266583229,0.0011978898169319185
chess,1,предобработка_до_сплита,rf,0.8416311896419646,0.9979561466299967,-0.15632495698803206,,,
chess,1,предобработка_до_сплита,hgb,0.8519760388803073,0.9997551143427645,-0.14777907546245728,,,
chess,1,предобработка_до_сплита,logit,0.8402089690941742,0.9961948536337264,-0.1559858845395522,,,
chess,1,предобработка_до_сплита,__probes__,,,,0.684076299170088,0.0,-0.14857166650049014
chess,2,нет,rf,0.9985937951209712,0.9986973771767926,-0.00010358205582139401,,,
chess,2,нет,hgb,0.9996861149823597,0.9997834193378282,-9.730435546850824e-05,,,
chess,2,нет,logit,0.9935528017376675,0.988709555915477,0.004843245822190423,,,
chess,2,нет,__probes__,,,,0.675793628993651,0.0,0.0013704956328373097
chess,2,признак_из_цели,rf,0.9985467123683253,0.9702562557284016,0.02829045663992369,,,
chess,2,признак_из_цели,hgb,0.9994726731703643,0.9823910505103771,0.01708162265998714,,,
chess,2,признак_из_цели,logit,0.9982547993019197,0.9731565532913983,0.025098246010521463,,,
chess,2,признак_из_цели,__probes__,,,,0.9460967972312255,0.0,0.0009210390977185678
chess,2,дубликаты,rf,0.9991404730535165,0.9986973771767926,0.00044309587672386463,,,
chess,2,дубликаты,hgb,0.9997239475500345,0.9997834193378282,-5.9471787793752284e-05,,,
chess,2,дубликаты,logit,0.9933370976849238,0.988709555915477,0.004627541769446797,,,
chess,2,дубликаты,__probes__,,,,0.675793628993651,0.2490613266583229,0.001408286609122733
chess,2,предобработка_до_сплита,rf,0.8765229939142983,0.9986942383266162,-0.12217124441231786,,,
chess,2,предобработка_до_сплита,hgb,0.8794717359934751,0.9997834193378282,-0.12031168334435316,,,
chess,2,предобработка_до_сплита,logit,0.8706255097559447,0.9887001393649478,-0.11807462960900317,,,
chess,2,предобработка_до_сплита,__probes__,,,,0.675793628993651,0.0,-0.11543718675808967
hypothyroid,0,нет,rf,0.9886244495701406,0.9883099182218495,0.00031453134829106943,,,
hypothyroid,0,нет,hgb,0.9825959320612287,0.9880478087649402,-0.0054518767037115,,,
hypothyroid,0,нет,logit,0.9055008038023346,0.9404137834626408,-0.034912979660306265,,,
hypothyroid,0,нет,__probes__,,,,0.7481717574147853,0.017699115044247787,0.014666946250087243
hypothyroid,0,признак_из_цели,rf,0.9934297896134759,0.9084888516110994,0.08494093800237656,,,
hypothyroid,0,признак_из_цели,hgb,0.9936045292514154,0.914587264975187,0.07901726427622835,,,
hypothyroid,0,признак_из_цели,logit,0.979240931012791,0.7338016355630111,0.24543929544977983,,,
hypothyroid,0,признак_из_цели,__probes__,,,,0.9538468348826915,0.0,0.0046802264625708245
hypothyroid,0,дубликаты,rf,0.9926041416806589,0.9883099182218495,0.004294223458809365,,,
hypothyroid,0,дубликаты,hgb,0.9900455744782922,0.9880478087649402,0.0019977657133519733,,,
hypothyroid,0,дубликаты,logit,0.9241624690173503,0.9404137834626408,-0.016251314445290488,,,
hypothyroid,0,дубликаты,__probes__,,,,0.7481717574147853,0.26169405815423513,0.01946904633803459
hypothyroid,0,предобработка_до_сплита,rf,0.8756296473974574,0.9908785908995597,-0.11524894350210224,,,
hypothyroid,0,предобработка_до_сплита,hgb,0.8737906772207563,0.9880827566925281,-0.11429207947177178,,,
hypothyroid,0,предобработка_до_сплита,logit,0.816622691292876,0.9159502341511149,-0.09932754285823886,,,
hypothyroid,0,предобработка_до_сплита,__probes__,,,,0.7481717574147853,0.017699115044247787,-0.10402179878869433
hypothyroid,1,нет,rf,0.9900398406374502,0.9930453624100091,-0.003005521772558861,,,
hypothyroid,1,нет,hgb,0.9794506185783183,0.9915426015237296,-0.012091982945411361,,,
hypothyroid,1,нет,logit,0.9124554413923256,0.957433424197945,-0.044977982805619376,,,
hypothyroid,1,нет,__probes__,,,,0.7261974324922532,0.0316055625790139,0.0072579856014539645
hypothyroid,1,признак_из_цели,rf,0.9981302858740477,0.9318690151674005,0.06626127070664722,,,
hypothyroid,1,признак_из_цели,hgb,0.9965052072412106,0.9189208079960858,0.07758439924512484,,,
hypothyroid,1,признак_из_цели,logit,0.9905990074788565,0.8087998881666318,0.1817991193122247,,,
hypothyroid,1,признак_из_цели,__probes__,,,,0.9589287295263391,0.0,0.000582931432166145
hypothyroid,1,дубликаты,rf,0.9946731748726657,0.9930453624100091,0.0016278124626566415,,,
hypothyroid,1,дубликаты,hgb,0.9800084889643463,0.9915426015237296,-0.011534112559383303,,,
hypothyroid,1,дубликаты,logit,0.8821307300509338,0.957433424197945,-0.07530269414701118,,,
hypothyroid,1,дубликаты,__probes__,,,,0.7261974324922532,0.27560050568900124,0.007944825113806342
hypothyroid,1,предобработка_до_сплита,rf,0.9287563667232597,0.9945830712238765,-0.06582670450061678,,,
hypothyroid,1,предобработка_до_сплита,hgb,0.9374787775891341,0.9915076535961417,-0.054028876007007565,,,
hypothyroid,1,предобработка_до_сплита,logit,0.8370118845500849,0.9367093031383239,-0.099697418588239,,,
hypothyroid,1,предобработка_до_сплита,__probes__,,,,0.7261974324922532,0.0316055625790139,-0.042224954173120666
hypothyroid,2,нет,rf,0.991088278465087,0.9883448661494374,0.0027434123156495627,,,
hypothyroid,2,нет,hgb,0.9873139022855945,0.9842035367302718,0.003110365555322625,,,
hypothyroid,2,нет,logit,0.947263577269868,0.9299993010414482,0.01726427622841975,,,
hypothyroid,2,нет,__probes__,,,,0.7775254537405931,0.02654867256637168,0.014083315859369283
hypothyroid,2,признак_из_цели,rf,0.9943384357307611,0.906304606136856,0.08803382959390504,,,
hypothyroid,2,признак_из_цели,hgb,0.9936744251065913,0.8972181449640036,0.09645628014258767,,,
hypothyroid,2,признак_из_цели,logit,0.9848675473544418,0.7272314251764871,0.25763612217795473,,,
hypothyroid,2,признак_из_цели,__probes__,,,,0.9623461708720672,0.0,0.00122177954847269
hypothyroid,2,дубликаты,rf,0.9931618618385266,0.9883448661494374,0.004816995689089221,,,
hypothyroid,2,дубликаты,hgb,0.9903255886238247,0.9842035367302718,0.00612205189355286,,,
hypothyroid,2,дубликаты,logit,0.9457222783433055,0.9299993010414482,0.015722977301857233,,,
hypothyroid,2,дубликаты,__probes__,,,,0.7775254537405931,0.2629582806573957,0.015850911375091647
hypothyroid,2,предобработка_до_сплита,rf,0.848609060533064,0.9881701265114978,-0.13956106597843387,,,
hypothyroid,2,предобработка_до_сплита,hgb,0.8210622425984925,0.9839938491647446,-0.16293160656625216,,,
hypothyroid,2,предобработка_до_сплита,logit,0.7822091848628487,0.9147270566855384,-0.1325178718226897,,,
hypothyroid,2,предобработка_до_сплита,__probes__,,,,0.7775254537405931,0.02654867256637168,-0.16333532397206818
