dataset,task,test_seed,mode,n_test,pos_rate,auc,auc_lo,auc_hi,probe,probe_feature,probe_datarobot,probe_h2o,seconds,inflation_pp,probe_delta
olist,A_seller_activity,2018-01-01,pit,1479,0.674,0.838796,0.8171,0.8599,0.837024,days_since_last,silent,warning,2.4,0.0,0.0
olist,A_seller_activity,2018-01-01,naive,1479,0.674,0.840411,0.8194,0.8619,0.837024,days_since_last,silent,warning,2.1,0.1615,0.0
olist,A_seller_activity,2018-01-01,delta5,1479,0.674,0.872299,0.8547,0.8891,0.873898,days_since_last,silent,warning,2.4,3.3503,0.0369
olist,A_seller_activity,2018-01-01,delta10,1479,0.674,0.896626,0.8818,0.9119,0.898448,days_since_last,silent,warning,1.8,5.783,0.0614
olist,A_seller_activity,2018-01-01,delta15,1479,0.674,0.906939,0.8915,0.9199,0.915287,days_since_last,silent,warning,1.8,6.8143,0.0783
olist,A_seller_activity,2018-01-01,delta20,1479,0.674,0.926054,0.914,0.9367,0.929511,days_since_last,warning,warning,2.0,8.7258,0.0925
olist,A_seller_activity,2018-01-01,delta30,1479,0.674,0.946177,0.9365,0.9572,0.950472,days_since_last,warning,warning,2.1,10.7381,0.1134
olist,A_seller_activity,2018-01-01,delta45,1479,0.674,0.964441,0.954,0.9724,0.968524,days_since_last,warning,warning,2.0,12.5645,0.1315
olist,A_seller_activity,2018-01-01,delta60,1479,0.674,0.975765,0.9679,0.9835,0.982718,days_since_last,warning,warning,2.6,13.6969,0.1457
olist,A_seller_activity,2018-01-01,delta90,1479,0.674,1.0,1.0,1.0,1.0,days_since_last,auto-drop,auto-drop,1.4,16.1204,0.163
olist,A_seller_activity,2018-01-01,nocut,1479,0.674,0.978273,0.9695,0.9861,0.932756,days_since_last,warning,warning,2.8,13.9477,0.0957
olist,A_seller_activity,2018-04-01,pit,1685,0.653,0.860309,0.8418,0.8792,0.860689,days_since_last,silent,warning,2.3,0.0,0.0
olist,A_seller_activity,2018-04-01,naive,1685,0.653,0.862388,0.8421,0.8795,0.860689,days_since_last,silent,warning,1.9,0.2079,0.0
olist,A_seller_activity,2018-04-01,delta5,1685,0.653,0.885557,0.8709,0.9004,0.890108,days_since_last,silent,warning,2.4,2.5248,0.0294
olist,A_seller_activity,2018-04-01,delta10,1685,0.653,0.904845,0.8904,0.9167,0.912198,days_since_last,silent,warning,2.7,4.4536,0.0515
olist,A_seller_activity,2018-04-01,delta15,1685,0.653,0.916006,0.9036,0.926,0.923623,days_since_last,silent,warning,2.0,5.5697,0.0629
olist,A_seller_activity,2018-04-01,delta20,1685,0.653,0.927235,0.9149,0.9372,0.938585,days_since_last,warning,warning,2.2,6.6926,0.0779
olist,A_seller_activity,2018-04-01,delta30,1685,0.653,0.947359,0.9374,0.9552,0.956764,days_since_last,warning,warning,2.0,8.705,0.0961
olist,A_seller_activity,2018-04-01,delta45,1685,0.653,0.968912,0.9612,0.9749,0.974674,days_since_last,warning,warning,2.1,10.8603,0.114
olist,A_seller_activity,2018-04-01,delta60,1685,0.653,0.979877,0.9736,0.9847,0.985401,days_since_last,warning,warning,2.2,11.9568,0.1247
olist,A_seller_activity,2018-04-01,delta90,1685,0.653,1.0,1.0,1.0,1.0,days_since_last,auto-drop,auto-drop,1.4,13.9691,0.1393
olist,A_seller_activity,2018-04-01,nocut,1685,0.653,0.983479,0.9765,0.989,0.92822,days_since_last,warning,warning,2.6,12.317,0.0675
olist,A_seller_activity,2018-07-01,pit,2012,0.625,0.831072,0.8152,0.8469,0.833137,days_since_last,silent,warning,2.3,0.0,0.0
olist,A_seller_activity,2018-07-01,naive,2012,0.625,0.834236,0.8204,0.8522,0.833137,days_since_last,silent,warning,2.3,0.3164,0.0
olist,A_seller_activity,2018-07-01,delta5,2012,0.625,0.861701,0.8475,0.8759,0.864827,days_since_last,silent,warning,2.0,3.0629,0.0317
olist,A_seller_activity,2018-07-01,delta10,2012,0.625,0.876454,0.8638,0.8882,0.882894,days_since_last,silent,warning,2.1,4.5382,0.0498
olist,A_seller_activity,2018-07-01,delta15,2012,0.625,0.895902,0.8846,0.9069,0.901353,days_since_last,silent,warning,1.9,6.483,0.0682
olist,A_seller_activity,2018-07-01,delta20,2012,0.625,0.917178,0.907,0.9265,0.921698,days_since_last,silent,warning,1.7,8.6106,0.0886
olist,A_seller_activity,2018-07-01,delta30,2012,0.625,0.945789,0.9387,0.955,0.951879,days_since_last,warning,warning,1.9,11.4717,0.1187
olist,A_seller_activity,2018-07-01,delta45,2012,0.625,0.98357,0.9778,0.9883,0.986037,days_since_last,warning,warning,2.0,15.2498,0.1529
olist,A_seller_activity,2018-07-01,delta60,2012,0.625,1.0,1.0,1.0,1.0,days_since_last,auto-drop,auto-drop,2.0,16.8928,0.1669
olist,A_seller_activity,2018-07-01,delta90,2012,0.625,1.0,1.0,1.0,1.0,days_since_last,auto-drop,auto-drop,1.4,16.8928,0.1669
olist,A_seller_activity,2018-07-01,nocut,2012,0.625,1.0,1.0,1.0,1.0,days_since_last,auto-drop,auto-drop,2.4,16.8928,0.1669
olist,B_seller_quality,2018-01-01,pit,763,0.455,0.576182,0.5309,0.6144,0.571828,pay_value_sum,silent,silent,1.4,0.0,0.0
olist,B_seller_quality,2018-01-01,naive,763,0.455,0.607072,0.5624,0.6441,0.622762,review_score_mean,silent,silent,1.4,3.089,0.0509
olist,B_seller_quality,2018-01-01,delta5,763,0.455,0.598592,0.5556,0.6365,0.582115,review_score_mean,silent,silent,1.4,2.241,0.0103
olist,B_seller_quality,2018-01-01,delta10,763,0.455,0.598724,0.553,0.641,0.606098,review_score_mean,silent,silent,1.4,2.2542,0.0343
olist,B_seller_quality,2018-01-01,delta15,763,0.455,0.606199,0.5666,0.6446,0.621709,review_score_mean,silent,silent,1.4,3.0017,0.0499
olist,B_seller_quality,2018-01-01,delta20,763,0.455,0.628789,0.5877,0.6674,0.645873,review_score_mean,silent,silent,1.1,5.2607,0.074
olist,B_seller_quality,2018-01-01,delta30,763,0.455,0.652807,0.6117,0.6904,0.672744,review_score_mean,silent,silent,1.1,7.6625,0.1009
olist,B_seller_quality,2018-01-01,delta45,763,0.455,0.695758,0.6573,0.7301,0.70556,review_score_mean,silent,silent,1.2,11.9576,0.1337
olist,B_seller_quality,2018-01-01,delta60,763,0.455,0.710728,0.6708,0.7512,0.744434,review_score_mean,silent,silent,1.2,13.4546,0.1726
olist,B_seller_quality,2018-01-01,delta90,763,0.455,0.827082,0.7998,0.8539,0.839195,review_score_mean,silent,warning,1.2,25.09,0.2674
olist,B_seller_quality,2018-01-01,nocut,763,0.455,0.742324,0.705,0.7792,0.795545,review_score_mean,silent,silent,1.4,16.6142,0.2237
olist,B_seller_quality,2018-04-01,pit,852,0.332,0.592497,0.5509,0.6308,0.609957,review_score_mean,silent,silent,1.3,0.0,0.0
olist,B_seller_quality,2018-04-01,naive,852,0.332,0.64514,0.6021,0.6775,0.686562,review_score_mean,silent,silent,1.2,5.2643,0.0766
olist,B_seller_quality,2018-04-01,delta5,852,0.332,0.589249,0.5507,0.6302,0.643094,review_score_mean,silent,silent,1.3,-0.3248,0.0331
olist,B_seller_quality,2018-04-01,delta10,852,0.332,0.626721,0.584,0.6633,0.668938,review_score_mean,silent,silent,1.3,3.4224,0.059
olist,B_seller_quality,2018-04-01,delta15,852,0.332,0.628758,0.5898,0.6667,0.685779,review_score_mean,silent,silent,1.2,3.6261,0.0758
olist,B_seller_quality,2018-04-01,delta20,852,0.332,0.647326,0.6101,0.6809,0.69937,review_score_mean,silent,silent,1.1,5.4829,0.0894
olist,B_seller_quality,2018-04-01,delta30,852,0.332,0.679221,0.6418,0.7192,0.723428,review_score_mean,silent,silent,1.4,8.6724,0.1135
olist,B_seller_quality,2018-04-01,delta45,852,0.332,0.724183,0.6869,0.7593,0.76879,review_score_mean,silent,silent,1.6,13.1686,0.1588
olist,B_seller_quality,2018-04-01,delta60,852,0.332,0.763394,0.728,0.7954,0.789156,review_score_mean,silent,silent,1.6,17.0897,0.1792
olist,B_seller_quality,2018-04-01,delta90,852,0.332,0.809827,0.7802,0.8399,0.819344,review_score_mean,silent,warning,1.7,21.733,0.2094
olist,B_seller_quality,2018-04-01,nocut,852,0.332,0.726642,0.6971,0.7595,0.803893,review_score_mean,silent,warning,1.8,13.4145,0.1939
olist,B_seller_quality,2018-07-01,pit,867,0.195,0.588757,0.5347,0.6282,0.602313,review_score_mean,silent,silent,1.6,0.0,0.0
olist,B_seller_quality,2018-07-01,naive,867,0.195,0.626532,0.5725,0.6721,0.657021,review_score_mean,silent,silent,1.6,3.7775,0.0547
olist,B_seller_quality,2018-07-01,delta5,867,0.195,0.594276,0.5446,0.6429,0.640702,review_score_mean,silent,silent,1.8,0.5519,0.0384
olist,B_seller_quality,2018-07-01,delta10,867,0.195,0.639977,0.5741,0.6872,0.651723,review_score_mean,silent,silent,1.8,5.122,0.0494
olist,B_seller_quality,2018-07-01,delta15,867,0.195,0.637053,0.5797,0.6751,0.669559,review_score_mean,silent,silent,1.8,4.8296,0.0672
olist,B_seller_quality,2018-07-01,delta20,867,0.195,0.630101,0.5737,0.6761,0.676455,review_score_mean,silent,silent,1.8,4.1344,0.0741
olist,B_seller_quality,2018-07-01,delta30,867,0.195,0.647013,0.5943,0.684,0.708546,review_score_mean,silent,silent,1.8,5.8256,0.1062
olist,B_seller_quality,2018-07-01,delta45,867,0.195,0.721173,0.6741,0.7669,0.777585,review_score_mean,silent,silent,1.8,13.2416,0.1753
olist,B_seller_quality,2018-07-01,delta60,867,0.195,0.758787,0.7189,0.7969,0.818772,review_score_mean,silent,warning,1.9,17.003,0.2165
olist,B_seller_quality,2018-07-01,delta90,867,0.195,0.787313,0.7517,0.8188,0.833624,review_score_mean,silent,warning,1.9,19.8556,0.2313
olist,B_seller_quality,2018-07-01,nocut,867,0.195,0.769019,0.7323,0.8013,0.833624,review_score_mean,silent,warning,2.1,18.0262,0.2313
olist,C_product_demand,2018-01-01,pit,4490,0.442,0.71378,0.698,0.728,0.714296,own_days_since_last,silent,silent,1.7,0.0,0.0
olist,C_product_demand,2018-01-01,naive,4490,0.442,0.72364,0.707,0.7397,0.714296,own_days_since_last,silent,silent,1.6,0.986,0.0
olist,C_product_demand,2018-01-01,own_only,4490,0.442,0.942075,0.9331,0.9517,0.949719,own_days_since_last,warning,warning,1.8,22.8295,0.2354
olist,C_product_demand,2018-01-01,join_only,4490,0.442,0.764356,0.7502,0.7805,0.714296,own_days_since_last,silent,silent,1.7,5.0576,0.0
olist,C_product_demand,2018-01-01,naive_nbr,4490,0.442,0.721661,0.7059,0.7378,0.714296,own_days_since_last,silent,silent,1.6,0.7881,0.0
olist,C_product_demand,2018-01-01,both60,4490,0.442,0.946207,0.9376,0.9558,0.949719,own_days_since_last,warning,warning,1.7,23.2427,0.2354
olist,C_product_demand,2018-01-01,delta5,4490,0.442,0.74902,0.7338,0.7636,0.748786,own_days_since_last,silent,silent,1.6,3.524,0.0345
olist,C_product_demand,2018-01-01,delta10,4490,0.442,0.784934,0.7726,0.7996,0.777118,own_days_since_last,silent,silent,1.6,7.1154,0.0628
olist,C_product_demand,2018-01-01,delta15,4490,0.442,0.809823,0.7976,0.824,0.809194,own_days_since_last,silent,warning,1.5,9.6043,0.0949
olist,C_product_demand,2018-01-01,delta20,4490,0.442,0.835866,0.825,0.8487,0.835084,own_days_since_last,silent,warning,1.4,12.2086,0.1208
olist,C_product_demand,2018-01-01,delta30,4490,0.442,0.867114,0.8549,0.878,0.872059,own_days_since_last,silent,warning,1.4,15.3334,0.1578
olist,C_product_demand,2018-01-01,delta45,4490,0.442,0.908524,0.8986,0.9193,0.915108,own_days_since_last,silent,warning,1.5,19.4744,0.2008
olist,C_product_demand,2018-01-01,delta60,4490,0.442,0.946207,0.9376,0.9558,0.949719,own_days_since_last,warning,warning,3.0,23.2427,0.2354
olist,C_product_demand,2018-01-01,delta90,4490,0.442,1.0,1.0,1.0,1.0,own_days_since_last,auto-drop,auto-drop,2.8,28.622,0.2857
olist,C_product_demand,2018-01-01,nocut,4490,0.442,0.98372,0.9813,0.9864,0.871106,own_days_since_last,silent,warning,3.4,26.994,0.1568
olist,C_product_demand,2018-04-01,pit,5478,0.397,0.745292,0.7338,0.759,0.722114,own_days_since_last,silent,silent,2.8,0.0,0.0
olist,C_product_demand,2018-04-01,naive,5478,0.397,0.748011,0.7374,0.7606,0.722114,own_days_since_last,silent,silent,4.3,0.2719,0.0
olist,C_product_demand,2018-04-01,own_only,5478,0.397,0.948438,0.9402,0.9552,0.952047,own_days_since_last,warning,warning,4.5,20.3146,0.2299
olist,C_product_demand,2018-04-01,join_only,5478,0.397,0.777301,0.7659,0.7882,0.722114,own_days_since_last,silent,silent,5.1,3.2009,0.0
olist,C_product_demand,2018-04-01,naive_nbr,5478,0.397,0.745354,0.7339,0.7585,0.722114,own_days_since_last,silent,silent,4.6,0.0062,0.0
olist,C_product_demand,2018-04-01,both60,5478,0.397,0.948013,0.9405,0.9545,0.952047,own_days_since_last,warning,warning,3.9,20.2721,0.2299
olist,C_product_demand,2018-04-01,delta5,5478,0.397,0.785582,0.7735,0.7971,0.762996,own_days_since_last,silent,silent,3.4,4.029,0.0409
olist,C_product_demand,2018-04-01,delta10,5478,0.397,0.814804,0.8023,0.8247,0.791446,own_days_since_last,silent,silent,4.6,6.9512,0.0693
olist,C_product_demand,2018-04-01,delta15,5478,0.397,0.831987,0.8191,0.8429,0.81772,own_days_since_last,silent,warning,5.3,8.6695,0.0956
olist,C_product_demand,2018-04-01,delta20,5478,0.397,0.855755,0.8424,0.8655,0.843411,own_days_since_last,silent,warning,4.8,11.0463,0.1213
olist,C_product_demand,2018-04-01,delta30,5478,0.397,0.888268,0.8786,0.8989,0.881009,own_days_since_last,silent,warning,4.1,14.2976,0.1589
olist,C_product_demand,2018-04-01,delta45,5478,0.397,0.926144,0.9185,0.9338,0.927203,own_days_since_last,warning,warning,4.5,18.0852,0.2051
olist,C_product_demand,2018-04-01,delta60,5478,0.397,0.948013,0.9405,0.9545,0.952047,own_days_since_last,warning,warning,4.4,20.2721,0.2299
olist,C_product_demand,2018-04-01,delta90,5478,0.397,1.0,1.0,1.0,1.0,own_days_since_last,auto-drop,auto-drop,2.6,25.4708,0.2779
olist,C_product_demand,2018-04-01,nocut,5478,0.397,0.991941,0.9905,0.9934,0.917346,own_days_since_last,silent,warning,5.1,24.6649,0.1952
olist,C_product_demand,2018-07-01,pit,5842,0.331,0.741691,0.7294,0.7544,0.7171,own_days_since_last,silent,silent,4.9,0.0,0.0
olist,C_product_demand,2018-07-01,naive,5842,0.331,0.740733,0.7277,0.7531,0.7171,own_days_since_last,silent,silent,5.4,-0.0958,0.0
olist,C_product_demand,2018-07-01,own_only,5842,0.331,1.0,1.0,1.0,1.0,own_days_since_last,auto-drop,auto-drop,5.3,25.8309,0.2829
olist,C_product_demand,2018-07-01,join_only,5842,0.331,0.772038,0.7606,0.7841,0.7171,own_days_since_last,silent,silent,5.1,3.0347,0.0
olist,C_product_demand,2018-07-01,naive_nbr,5842,0.331,0.74316,0.7304,0.7553,0.7171,own_days_since_last,silent,silent,5.9,0.1469,0.0
olist,C_product_demand,2018-07-01,both60,5842,0.331,1.0,1.0,1.0,1.0,own_days_since_last,auto-drop,auto-drop,4.6,25.8309,0.2829
olist,C_product_demand,2018-07-01,delta5,5842,0.331,0.772038,0.7591,0.7841,0.758203,own_days_since_last,silent,silent,4.7,3.0347,0.0411
olist,C_product_demand,2018-07-01,delta10,5842,0.331,0.791018,0.7801,0.8044,0.780608,own_days_since_last,silent,silent,4.6,4.9327,0.0635
olist,C_product_demand,2018-07-01,delta15,5842,0.331,0.806863,0.7956,0.8188,0.798593,own_days_since_last,silent,silent,3.9,6.5172,0.0815
olist,C_product_demand,2018-07-01,delta20,5842,0.331,0.839853,0.8289,0.8525,0.833321,own_days_since_last,silent,warning,4.3,9.8162,0.1162
olist,C_product_demand,2018-07-01,delta30,5842,0.331,0.889299,0.8786,0.8984,0.884548,own_days_since_last,silent,warning,4.4,14.7608,0.1674
olist,C_product_demand,2018-07-01,delta45,5842,0.331,0.962531,0.956,0.9685,0.960385,own_days_since_last,warning,warning,4.1,22.084,0.2433
olist,C_product_demand,2018-07-01,delta60,5842,0.331,1.0,1.0,1.0,1.0,own_days_since_last,auto-drop,auto-drop,4.3,25.8309,0.2829
olist,C_product_demand,2018-07-01,delta90,5842,0.331,1.0,1.0,1.0,1.0,own_days_since_last,auto-drop,auto-drop,2.9,25.8309,0.2829
olist,C_product_demand,2018-07-01,nocut,5842,0.331,1.0,1.0,1.0,1.0,own_days_since_last,auto-drop,auto-drop,4.3,25.8309,0.2829
