dataset,seed,K,test_of_val_winner,oracle_test,regret
agaricus_lepiota,0,3,0.9999576750521367,0.9999603588386035,2.6837864667283995e-06
agaricus_lepiota,0,5,0.9999992368683642,0.9999992368683642,0.0
agaricus_lepiota,0,10,1.0,1.0,0.0
agaricus_lepiota,0,15,1.0,1.0,0.0
agaricus_lepiota,0,20,1.0,1.0,0.0
agaricus_lepiota,0,30,1.0,1.0,0.0
agaricus_lepiota,0,40,1.0,1.0,0.0
agaricus_lepiota,0,50,1.0,1.0,0.0
agaricus_lepiota,0,63,1.0,1.0000000000000002,2.220446049250313e-16
agaricus_lepiota,1,3,0.9999018167665222,0.9999185391745491,1.6722408026859092e-05
agaricus_lepiota,1,5,0.9999787699796869,0.9999996729897204,2.0903010033435088e-05
agaricus_lepiota,1,10,0.9999832775919733,1.0,1.672240802674807e-05
agaricus_lepiota,1,15,0.9999749163879599,1.0,2.5083612040122105e-05
agaricus_lepiota,1,20,0.9999874581939798,1.0,1.2541806020172075e-05
agaricus_lepiota,1,30,0.9999749163879599,1.0,2.5083612040122105e-05
agaricus_lepiota,1,40,0.9999707357859532,1.0,2.9264214046809123e-05
agaricus_lepiota,1,50,0.9999853678929764,1.0,1.4632107023571095e-05
agaricus_lepiota,1,63,0.9999665551839465,1.0,3.344481605349614e-05
agaricus_lepiota,2,3,0.9998115994726056,0.9998385271174659,2.6927644860341715e-05
agaricus_lepiota,2,5,0.9999746178570237,0.9999997210401164,2.510318309267845e-05
agaricus_lepiota,2,10,0.9999790619765494,1.0,2.0938023450600696e-05
agaricus_lepiota,2,15,0.999970686767169,1.0,2.9313232830951996e-05
agaricus_lepiota,2,20,0.9999685929648241,1.0,3.1407035175901044e-05
agaricus_lepiota,2,30,0.9999706867671692,1.0,2.9313232830840974e-05
agaricus_lepiota,2,40,0.9999853433835847,1.0,1.4656616415309465e-05
agaricus_lepiota,2,50,0.999966499162479,1.0,3.350083752096111e-05
agaricus_lepiota,2,63,0.9999790619765494,1.0,2.0938023450600696e-05
chess,0,3,0.998051315492109,0.998205299634638,0.0001539841425289845
chess,0,5,0.9987406069908472,0.9989925546473816,0.000251947656534357
chess,0,10,0.998857897974814,0.9992551665473903,0.0003972685725763814
chess,0,15,0.9989231703642324,0.9993597687295189,0.0004365983652865335
chess,0,20,0.9989908675154119,0.9994177432922772,0.00042687577686528755
chess,0,30,0.9990485281931524,0.9994659011011084,0.0004173729079560706
chess,0,40,0.9990962779514609,0.9994894974073096,0.00039321945584869233
chess,0,50,0.9991316214044472,0.9995047129835397,0.00037309157909248825
chess,0,63,0.9991682047032531,0.9995166170728337,0.0003484123695806085
chess,1,3,0.998702160958947,0.9988176967562069,0.00011553579725986918
chess,1,5,0.9992673837421039,0.9994508910070451,0.00018350726494120728
chess,1,10,0.9993195632244533,0.9996734308480577,0.00035386762360445356
chess,1,15,0.9992599272877972,0.9997242446219343,0.00046431733413709875
chess,1,20,0.9992773204485803,0.9997438119278153,0.00046649147923494283
chess,1,30,0.9994451456127791,0.9997658202413692,0.00032067462859008966
chess,1,40,0.9995779332906352,0.9997764633487799,0.00019853005814474134
chess,1,50,0.9996906905775532,0.9997866041266371,9.591354908389249e-05
chess,1,63,0.9997174396262666,0.9997927890592624,7.534943299580821e-05
chess,2,3,0.9982726201237963,0.9984428321217371,0.00017021199794087227
chess,2,5,0.9989300130576169,0.999183985272515,0.0002539722148980905
chess,2,10,0.999018646339473,0.999420270066669,0.0004016237271959877
chess,2,15,0.9990957600411818,0.9994963087121925,0.000400548671010692
chess,2,20,0.9991195839140206,0.9995496220824387,0.00043003816841813425
chess,2,30,0.9992088842015392,0.9995935502906573,0.00038466608911813527
chess,2,40,0.9992607380064533,0.9996182530415454,0.00035751503509207083
chess,2,50,0.9992988907303474,0.9996232045776989,0.0003243138473515428
chess,2,63,0.9993188695117203,0.9996264768290076,0.00030760731728729507
churn,0,3,0.9222170002221941,0.9251757448789572,0.002958744656763046
churn,0,5,0.9265802027784831,0.9314279403673608,0.0048477375888776875
churn,0,10,0.9262377330391908,0.9342391376227357,0.008001404583544924
churn,0,15,0.9264690859361773,0.9355150073535634,0.009045921417386138
churn,0,20,0.9273625571356018,0.9366620773023532,0.009299520166751396
churn,0,30,0.9288111827069578,0.9381455529456576,0.009334370238699763
churn,0,40,0.9306494148891145,0.939207389008803,0.008557974119688505
churn,0,50,0.9335175824233959,0.9400607991577788,0.006543216734382962
churn,0,63,0.9362461909598779,0.9413143304553918,0.005068139495513879
churn,1,3,0.9021070603040212,0.903918537181249,0.0018114768772278245
churn,1,5,0.9068280758841835,0.9100155525192055,0.0031874766350220574
churn,1,10,0.9072027777338999,0.9123924223756193,0.005189644641719449
churn,1,15,0.9070752839338462,0.9128342047482901,0.005758920814443957
churn,1,20,0.9068042567699203,0.9131866473428427,0.006382390572922447
churn,1,30,0.9074577455889556,0.9135707807456785,0.006113035156722901
churn,1,40,0.9073912837442941,0.9137424705535462,0.006351186809252063
churn,1,50,0.9081445838006335,0.9138545434680738,0.005709959667440367
churn,1,63,0.9102732188646863,0.9139879212935906,0.0037147024289043706
churn,2,3,0.9210815491683597,0.9215952802289658,0.0005137310606060375
churn,2,5,0.9251238797718809,0.9261153808511088,0.0009915010792278522
churn,2,10,0.9276259033244456,0.929123517384036,0.0014976140595903686
churn,2,15,0.9285551900816827,0.9301783239165397,0.0016231338348569047
churn,2,20,0.928951178157271,0.9310939219358387,0.002142743778567713
churn,2,30,0.9293248873158965,0.9318745503216522,0.0025496630057557645
churn,2,40,0.9295660339427799,0.9324865890045706,0.002920555061790675
churn,2,50,0.9301361467326902,0.9327091930125273,0.002573046279837121
churn,2,63,0.9304903081090233,0.9328656678517012,0.002375359742677885
clean2,0,3,0.9999966929279913,0.9999968149601688,1.2203217747419615e-07
clean2,0,5,0.9999999145774758,1.0,8.542252416532392e-08
clean2,0,10,0.9999998779678225,1.0,1.2203217747419615e-07
clean2,0,15,0.9999999389839113,1.0,6.101608873709807e-08
clean2,0,20,0.9999998779678225,1.0,1.2203217747419615e-07
clean2,0,30,0.9999999023742581,1.0,9.7625741934948e-08
clean2,0,40,0.9999999389839113,1.0,6.101608873709807e-08
clean2,0,50,0.9999999145774757,1.0,8.542252427634622e-08
clean2,0,63,0.9999997925452985,1.0,2.0745470152849776e-07
clean2,1,3,0.9999305930246689,0.9999335703001581,2.9772754891466136e-06
clean2,1,5,0.9999992222627293,1.0,7.777372706962993e-07
clean2,1,10,0.9999991007412808,1.0,8.992587191558599e-07
clean2,1,15,0.9999988698505285,1.0,1.1301494714510696e-06
clean2,1,20,0.9999997691092477,1.0,2.3089075229520972e-07
clean2,1,30,0.9999991858062949,1.0,8.141937051231452e-07
clean2,1,40,0.9999987118726454,1.0,1.2881273545595207e-06
clean2,1,50,0.9999986754162109,1.0,1.3245837890973888e-06
clean2,1,63,0.9999986997205008,1.0,1.3002794991834321e-06
clean2,2,3,0.9997395650285067,0.9997683280127305,2.8762984223829058e-05
clean2,2,5,0.9999951309161199,0.9999998169517338,4.6860356138767045e-06
clean2,2,10,0.9999960583606685,1.0,3.941639331483948e-06
clean2,2,15,0.999996180392846,1.0,3.819607154009752e-06
clean2,2,20,0.9999948014292408,1.0,5.198570759201715e-06
clean2,2,30,0.9999950454935957,1.0,4.954506404253323e-06
clean2,2,40,0.9999955946383943,1.0,4.405361605730462e-06
clean2,2,50,0.9999944841455795,1.0,5.515854420545807e-06
clean2,2,63,0.9999953139643861,1.0,4.6860356138767045e-06
coil2000,0,3,0.7244599928079609,0.73007015185814,0.005610159050179031
coil2000,0,5,0.7295858829701943,0.7373559381484626,0.0077700551782682314
coil2000,0,10,0.7363633188313525,0.7438669443265422,0.007503625495189681
coil2000,0,15,0.7396736906951519,0.7473746551358235,0.007700964440671587
coil2000,0,20,0.740976127735333,0.7488395025702698,0.00786337483493682
coil2000,0,30,0.7430251662422185,0.7508530230145254,0.007827856772306907
coil2000,0,40,0.743849214770798,0.7523171482974909,0.008467933526692839
coil2000,0,50,0.7436847410865874,0.7530488203876625,0.009364079301075079
coil2000,0,63,0.742660582908885,0.753731607243916,0.011071024335030932
coil2000,1,3,0.7187214563377986,0.7268328319037255,0.008111375565926893
coil2000,1,5,0.7212516875967458,0.7338952351578776,0.01264354756113173
coil2000,1,10,0.7224889578799129,0.7399592794543826,0.017470321574469705
coil2000,1,15,0.7219678687398888,0.7424437710222181,0.020475902282329317
coil2000,1,20,0.7203024144272063,0.7444395142049092,0.024137099777702842
coil2000,1,30,0.7215931058763283,0.7466680729972882,0.025074967120959912
coil2000,1,40,0.7222021391743578,0.7482844560701111,0.026082316895753244
coil2000,1,50,0.7213952933508687,0.749473498911791,0.02807820556092233
coil2000,1,63,0.7204117736059868,0.7503287904004842,0.02991701679449732
coil2000,2,3,0.7277068300792304,0.7291923398887004,0.0014855098094699315
coil2000,2,5,0.7348631007121298,0.7380916926051688,0.0032285918930390345
coil2000,2,10,0.7445468278390871,0.7493711387002453,0.004824310861158199
coil2000,2,15,0.7485408855640446,0.7540328181003585,0.005491932536313859
coil2000,2,20,0.7505878313054142,0.7567225523486135,0.006134721043199343
coil2000,2,30,0.7529751756744011,0.7595470046925109,0.0065718290181098205
coil2000,2,40,0.7547263340643275,0.761844065388606,0.007117731324278509
coil2000,2,50,0.7551958062158082,0.7631812688643654,0.007985462648557262
coil2000,2,63,0.7531774665157517,0.7652565553669121,0.01207908885116038
hypothyroid,0,3,0.9828984500594115,0.9834992049346474,0.0006007548752359204
hypothyroid,0,5,0.9879683459145874,0.9887282449150766,0.0007598990004892281
hypothyroid,0,10,0.9884461277696233,0.9896870413084504,0.0012409135388271597
hypothyroid,0,15,0.9887617512406516,0.9902372964283217,0.0014755451876701242
hypothyroid,0,20,0.988892718599287,0.99052408785909,0.001631369259803006
hypothyroid,0,30,0.9889698224645279,0.9909384392255539,0.0019686167610259986
hypothyroid,0,40,0.989065230306843,0.9913660708045013,0.0023008404976583297
hypothyroid,0,50,0.989129752918152,0.9915954165792968,0.002465663661144868
hypothyroid,0,63,0.9890787726287832,0.9918571328720206,0.00277836024323741
hypothyroid,1,3,0.9871323914866847,0.9888060040539596,0.0016736125672748292
hypothyroid,1,5,0.9897471080589922,0.9926961889284965,0.0029490808695042947
hypothyroid,1,10,0.9894649035437197,0.9947881718739079,0.005323268330188147
hypothyroid,1,15,0.9896742416299713,0.9954857761934717,0.005811534563500365
hypothyroid,1,20,0.9901913399035436,0.9958355175788077,0.00564417767526415
hypothyroid,1,30,0.9903086775704202,0.9961866568812471,0.005877979310826897
hypothyroid,1,40,0.9905084923464039,0.9964199342978961,0.00591144195149218
hypothyroid,1,50,0.9911371618788006,0.9964896554134338,0.005352493534633185
hypothyroid,1,63,0.9918920807996087,0.9965401551687983,0.004648074369189681
hypothyroid,2,3,0.9830535751729923,0.9831789508632138,0.00012537569022152972
hypothyroid,2,5,0.9875118386104704,0.987686316138953,0.00017447752848254172
hypothyroid,2,10,0.9887897532676311,0.98898406374502,0.00019431047738893703
hypothyroid,2,15,0.9892978524498496,0.9896146554134339,0.00031680296358427285
hypothyroid,2,20,0.9895309114419513,0.9898974278325293,0.0003665163905780533
hypothyroid,2,30,0.9898571940308938,0.9902680942895085,0.00041090025861467705
hypothyroid,2,40,0.9901445533654852,0.9904439697350946,0.00029941636960939544
hypothyroid,2,50,0.9902871845949534,0.9905146082337316,0.0002274236387782569
hypothyroid,2,63,0.9905990074788563,0.9905990074788563,0.0
ionosphere,0,3,0.9729875837053572,0.977891322544643,0.004903738839285743
ionosphere,0,5,0.9811530412946428,0.9859347098214286,0.004781668526785854
ionosphere,0,10,0.9842878069196428,0.98875,0.004462193080357224
ionosphere,0,15,0.9850864955357141,0.9893896484375,0.004303152901785845
ionosphere,0,20,0.9855573381696427,0.9899860491071429,0.004428710937500191
ionosphere,0,30,0.9847426060267855,0.9902525111607144,0.005509905133928905
ionosphere,0,40,0.983875558035714,0.9906173270089288,0.006741768973214768
ionosphere,0,50,0.9832254464285711,0.9910937500000003,0.007868303571429203
ionosphere,0,63,0.9827008928571425,0.9916294642857147,0.008928571428572285
ionosphere,1,3,0.9526648273910584,0.9589388794567063,0.006274052065647906
ionosphere,1,5,0.9555829088851161,0.9640456989247312,0.008462790039615142
ionosphere,1,10,0.9615018392756085,0.9689848613469156,0.007483022071307133
ionosphere,1,15,0.964146859083192,0.9709797679683079,0.006832908885115896
ionosphere,1,20,0.967617430673458,0.9721774193548386,0.004559988681380633
ionosphere,1,30,0.971150962082626,0.9737662705149971,0.0026153084323711218
ionosphere,1,40,0.9728607809847198,0.9744468024900962,0.001586021505376345
ionosphere,1,50,0.97401740237691,0.9749511884550085,0.0009337860780984641
ionosphere,1,63,0.9753820033955859,0.9753820033955859,0.0
ionosphere,2,3,0.9550864955357143,0.9591559709821428,0.004069475446428439
ionosphere,2,5,0.9608921595982142,0.9678836495535714,0.006991489955357255
ionosphere,2,10,0.9641838727678571,0.974506138392857,0.010322265624999938
ionosphere,2,15,0.9647474888392857,0.9779527064732143,0.013205217633928568
ionosphere,2,20,0.9647391183035715,0.9787046595982142,0.01396554129464267
ionosphere,2,30,0.9647991071428572,0.9812241908482143,0.016425083705357113
ionosphere,2,40,0.9655008370535714,0.9825285993303572,0.01702776227678582
ionosphere,2,50,0.966187220982143,0.9833238002232143,0.01713657924107126
ionosphere,2,63,0.9676339285714286,0.984375,0.016741071428571397
magic,0,3,0.9050485038603245,0.9055795694112547,0.0005310655509301876
magic,0,5,0.9091843604076771,0.9106502071599664,0.0014658467522892238
magic,0,10,0.9107720965939636,0.9131947388123766,0.0024226422184129293
magic,0,15,0.911619545514677,0.9143766096413825,0.0027570641267053997
magic,0,20,0.9118422530335143,0.914940170597358,0.0030979175638436995
magic,0,30,0.9132862297730528,0.9155532803611787,0.0022670505881258185
magic,0,40,0.9143768699986771,0.9159886294229074,0.001611759424230308
magic,0,50,0.9153763148043379,0.9161537803879182,0.0007774655835802724
magic,0,63,0.9156597172379045,0.9163197581632565,0.0006600409253519901
magic,1,3,0.9149468903940887,0.9155668504116338,0.0006199600175450515
magic,1,5,0.9193975077040737,0.9202750445655354,0.0008775368614617474
magic,1,10,0.9211526657781678,0.9224109075904807,0.0012582418123129324
magic,1,15,0.9226082471545541,0.9235566354848508,0.0009483883302966456
magic,1,20,0.9230362836561175,0.9238360100771535,0.0007997264210360955
magic,1,30,0.9237832870807751,0.924237064747959,0.0004537776671839078
magic,1,40,0.9241119227568215,0.9243846722675848,0.0002727495107632816
magic,1,50,0.9241993527453499,0.9244274593989701,0.0002281066536201637
magic,1,63,0.9241907911015141,0.9244354094968176,0.0002446183953034309
magic,2,3,0.9238258273028955,0.9244734203348899,0.0006475930319943535
magic,2,5,0.9272300622605769,0.9282083970153203,0.000978334754743404
magic,2,10,0.9286988855300453,0.9311190860192354,0.0024202004891901163
magic,2,15,0.9285620079598966,0.9320009372862609,0.0034389293263642484
magic,2,20,0.9281265427928881,0.9324207317588052,0.004294188965917156
magic,2,30,0.9276100572504582,0.9331373265105651,0.005527269260106937
magic,2,40,0.9272145710015454,0.9333336816491737,0.0061191106476283785
magic,2,50,0.9272443924668079,0.9334108740686952,0.006166481601887264
magic,2,63,0.9273110580076053,0.9334470461409421,0.006135988133336823
mushroom,0,3,0.9997748990966749,0.999792036645525,1.713754885002139e-05
mushroom,0,5,0.9999991094881158,0.9999995195079763,4.1001986050837047e-07
mushroom,0,10,0.9999997437375874,1.0,2.562624126234425e-07
mushroom,0,15,0.9999996412326223,1.0,3.58767377695024e-07
mushroom,0,20,0.9999995387276571,1.0,4.6127234287762775e-07
mushroom,0,30,0.999999436222692,1.0,5.637773079492092e-07
mushroom,0,40,0.999999538727657,1.0,4.6127234298865005e-07
mushroom,0,50,0.9999997437375874,1.0,2.562624126234425e-07
mushroom,0,63,0.9999996924851047,1.0,3.075148953257667e-07
mushroom,1,3,0.9997630290008814,0.9998388558770473,7.582687616591866e-05
mushroom,1,5,0.9999806156857922,0.9999971173359572,1.650165016497951e-05
mushroom,1,10,0.9999814356435643,1.0,1.856435643565746e-05
mushroom,1,15,0.999977310231023,1.0,2.2689768977013358e-05
mushroom,1,20,0.999983498349835,1.0,1.650165016497951e-05
mushroom,1,30,0.9999628712871288,1.0,3.7128712871203895e-05
mushroom,1,40,0.9999773102310232,1.0,2.2689768976791314e-05
mushroom,1,50,0.9999814356435643,1.0,1.856435643565746e-05
mushroom,1,63,0.9999566831683169,1.0,4.331683168312672e-05
mushroom,2,3,0.9998393939393939,0.9998405759497726,1.1820103786863712e-06
mushroom,2,5,0.9999993433275673,0.9999993433275673,0.0
mushroom,2,10,1.0,1.0,0.0
mushroom,2,15,1.0,1.0,0.0
mushroom,2,20,1.0,1.0,0.0
mushroom,2,30,1.0,1.0,0.0
mushroom,2,40,1.0,1.0,0.0
mushroom,2,50,1.0,1.0,0.0
mushroom,2,63,1.0,1.0,0.0
phoneme,0,3,0.9406502980920259,0.9407359956921691,8.56976001432086e-05
phoneme,0,5,0.9454031956946377,0.945583817552868,0.00018062185823031207
phoneme,0,10,0.9497630538694876,0.9500349278376602,0.0002718739681726312
phoneme,0,15,0.9513386445761755,0.9516982720845766,0.000359627508401128
phoneme,0,20,0.9521285035842016,0.9524846363801877,0.00035613279598600833
phoneme,0,30,0.9533216122890446,0.9536722600066037,0.00035064771755910495
phoneme,0,40,0.9539114356556329,0.9541584879081408,0.00024705225250798435
phoneme,0,50,0.9544912686191799,0.9545755004459038,8.423182672390173e-05
phoneme,0,63,0.954746174331376,0.954746174331376,0.0
phoneme,1,3,0.936188169334763,0.9365844632690034,0.00039629393424034376
phoneme,1,5,0.9431293556824906,0.9438422164608599,0.0007128607783692953
phoneme,1,10,0.9478645871845117,0.9484440932169972,0.0005795060324854662
phoneme,1,15,0.9502568658804106,0.950636769200434,0.00037990332002346694
phoneme,1,20,0.9512780750887313,0.951469863760722,0.00019178867199065586
phoneme,1,30,0.9527815134205859,0.9528980154108748,0.00011650199028889752
phoneme,1,40,0.9538574055074932,0.9539404985273098,8.309301981657136e-05
phoneme,1,50,0.9546482796016962,0.9546740670906046,2.5787488908468603e-05
phoneme,1,63,0.9548749753524602,0.9548749753524602,0.0
phoneme,2,3,0.9278805186369233,0.9285215206396326,0.0006410020027092234
phoneme,2,5,0.9361413707604433,0.9366682083002891,0.0005268375398457259
phoneme,2,10,0.9435078735176403,0.9442151631945839,0.0007072896769435566
phoneme,2,15,0.9465233281696966,0.947252897602612,0.0007295694329153557
phoneme,2,20,0.9484780720296488,0.9491851418405796,0.0007070698109307161
phoneme,2,30,0.9503453670759521,0.9506622480026912,0.00031688092673909374
phoneme,2,40,0.9514610868015592,0.9515417814855849,8.069468402571722e-05
phoneme,2,50,0.951999905110458,0.951999905110458,0.0
phoneme,2,63,0.9521355547258082,0.9521355547258082,0.0
ring,0,3,0.9910862249064875,0.9911706582878679,8.443338138042211e-05
ring,0,5,0.9957702373850775,0.9959709118792388,0.00020067449416127925
ring,0,10,0.9965369160421824,0.996788676844458,0.0002517608022756246
ring,0,15,0.9969178343476136,0.9971183456267331,0.0002005112791194641
ring,0,20,0.9970662768280725,0.9972744176103271,0.00020814078225461774
ring,0,30,0.9973712201316474,0.9975027138501085,0.00013149371846110647
ring,0,40,0.9974859315034474,0.997564524346564,7.859284311650949e-05
ring,0,50,0.9976174508242681,0.9976285046429882,1.1053818720130337e-05
ring,0,63,0.9976369022169087,0.9976369022169087,0.0
ring,1,3,0.9875052580845852,0.9877016281820532,0.0001963700974679794
ring,1,5,0.992157021191073,0.992491631228734,0.0003346100376609984
ring,1,10,0.9948070702195915,0.9952364729933509,0.00042940277375946856
ring,1,15,0.9956864728653392,0.9960483654173568,0.0003618925520175731
ring,1,20,0.9963724240826035,0.996593551661721,0.00022112757911751935
ring,1,30,0.9970349203382584,0.9971295306575453,9.46103192869252e-05
ring,1,40,0.9972944898601855,0.9973964704587175,0.00010198059853194774
ring,1,50,0.9973745804413334,0.997516577527785,0.00014199708645157294
ring,1,63,0.9973629569701145,0.9975856974978814,0.0002227405277669403
ring,2,3,0.9903002548714889,0.9904197154809787,0.00011946060948986315
ring,2,5,0.9933099786476322,0.9935592592213298,0.0002492805736976633
ring,2,10,0.9951979478428733,0.9955083124460751,0.0003103646032017737
ring,2,15,0.9960113860093347,0.9961812192611671,0.0001698332518323964
ring,2,20,0.996453061914186,0.9965600893778372,0.0001070274636512103
ring,2,30,0.9970642222387215,0.9971305419507462,6.631971202475384e-05
ring,2,40,0.9972170779259016,0.9972725774407372,5.549951483552196e-05
ring,2,50,0.9973621760981491,0.9974192501580947,5.7074059945594335e-05
ring,2,63,0.9973731979139197,0.9974679266441199,9.472873020022199e-05
satimage,0,3,0.9855185751761382,0.9857562553170526,0.00023768014091440914
satimage,0,5,0.9864449404989432,0.9868541148999861,0.00040917440104293323
satimage,0,10,0.9867542594931484,0.9872811259192643,0.0005268664261158795
satimage,0,15,0.9869398878098119,0.9874823082858175,0.0005424204760056117
satimage,0,20,0.9870947372242769,0.9875725022542247,0.00047776502994778536
satimage,0,30,0.9873952379829471,0.9877302735573527,0.0003350355744055067
satimage,0,40,0.9876853016617164,0.9878434673858135,0.0001581657240971035
satimage,0,50,0.9878668546657425,0.987931701898545,6.4847232802423e-05
satimage,0,63,0.988029995368319,0.988029995368319,0.0
satimage,1,3,0.9821875771524488,0.9823549888254073,0.00016741167295852843
satimage,1,5,0.9833159083187176,0.9836262607670898,0.00031035244837218645
satimage,1,10,0.9835201803710061,0.9841426653802976,0.000622485009291518
satimage,1,15,0.9837602620058967,0.9843593751047507,0.000599113098853965
satimage,1,20,0.9838851901468345,0.9844716064317458,0.0005864162849112953
satimage,1,30,0.9843289472100218,0.9846966884731535,0.0003677412631316601
satimage,1,40,0.9846442897091141,0.9848337263117983,0.00018943660268422313
satimage,1,50,0.9848936518852145,0.9849475654253576,5.3913540143057936e-05
satimage,1,63,0.9850746449075096,0.9850746449075096,0.0
satimage,2,3,0.9851338823139859,0.9852286623101105,9.477999612461652e-05
satimage,2,5,0.9863779206791219,0.9865179269177105,0.00014000623858856365
satimage,2,10,0.9875109252130929,0.9876133979179823,0.0001024727048893892
satimage,2,15,0.9880081695800235,0.9880493988002592,4.122922023575004e-05
satimage,2,20,0.9882434424969847,0.9882720222958382,2.8579798853511917e-05
satimage,2,30,0.988531880771866,0.9885478296935551,1.594892168910178e-05
satimage,2,40,0.9886546202702087,0.9886572498480605,2.6295778517981816e-06
satimage,2,50,0.988716489112496,0.9887169862332015,4.971207054893512e-07
satimage,2,63,0.9888077635009274,0.9888077635009274,0.0
sonar,0,3,0.8826004464285714,0.8907161458333333,0.008115699404761867
sonar,0,5,0.8904371279761905,0.9005561755952379,0.010119047619047472
sonar,0,10,0.9053831845238094,0.9165327380952379,0.01114955357142855
sonar,0,15,0.9130505952380952,0.9266778273809523,0.013627232142857104
sonar,0,20,0.9165643601190474,0.9316015625,0.01503720238095263
sonar,0,30,0.9212630208333331,0.9390885416666666,0.01782552083333344
sonar,0,40,0.9241462053571428,0.9444959077380952,0.02034970238095246
sonar,0,50,0.9247823660714283,0.949086681547619,0.02430431547619072
sonar,0,63,0.9248511904761902,0.9538690476190476,0.029017857142857317
sonar,1,3,0.8837944444444444,0.8918203703703704,0.008025925925925992
sonar,1,5,0.8922518518518519,0.9033351851851852,0.011083333333333334
sonar,1,10,0.9117537037037038,0.9203888888888889,0.008635185185185135
sonar,1,15,0.9180407407407409,0.9274870370370372,0.00944629629629623
sonar,1,20,0.9203055555555555,0.9319833333333334,0.011677777777777898
sonar,1,30,0.9211148148148149,0.9362407407407407,0.015125925925925765
sonar,1,40,0.9196185185185186,0.9400666666666666,0.020448148148147993
sonar,1,50,0.9180037037037039,0.9430000000000001,0.024996296296296183
sonar,1,63,0.9170370370370372,0.9444444444444445,0.027407407407407325
sonar,2,3,0.7944215029761905,0.8151767113095238,0.02075520833333333
sonar,2,5,0.805952380952381,0.8264006696428572,0.020448288690476213
sonar,2,10,0.8185788690476191,0.8401376488095239,0.02155877976190479
sonar,2,15,0.8283258928571429,0.846084449404762,0.017758556547619153
sonar,2,20,0.8364825148809524,0.8520238095238096,0.01554129464285725
sonar,2,30,0.8495089285714286,0.8572395833333334,0.0077306547619048205
sonar,2,40,0.85734375,0.860366443452381,0.0030226934523810423
sonar,2,50,0.8616592261904762,0.8627492559523811,0.0010900297619048649
sonar,2,63,0.8660714285714286,0.8660714285714286,0.0
spambase,0,3,0.9836207132202833,0.983832662322477,0.000211949102193687
spambase,0,5,0.9846828288637901,0.9850038080129441,0.00032097914915396597
spambase,0,10,0.9854385140217041,0.9858948395894298,0.00045632556772567945
spambase,0,15,0.9856045457561987,0.9861296960226015,0.000525150266402763
spambase,0,20,0.9857679031911465,0.9862631265840386,0.0004952233928920968
spambase,0,30,0.9861123624533082,0.9864467170504174,0.0003343545971091766
spambase,0,40,0.9862707426099268,0.9865181844468743,0.0002474418369475817
spambase,0,50,0.986346266883244,0.9865517257725052,0.0002054588892611564
spambase,0,63,0.986387538791169,0.9865645086873259,0.00017696989615689773
spambase,1,3,0.9793498489435529,0.979625511158584,0.00027566221503105837
spambase,1,5,0.9807962736776241,0.981078872480549,0.000282598802924916
spambase,1,10,0.9816979155474373,0.9820450570095879,0.0003471414621505353
spambase,1,15,0.9819119069138346,0.982247766545105,0.00033585963127047425
spambase,1,20,0.982005645655705,0.9823676241475422,0.0003619784918371671
spambase,1,30,0.9821365599264311,0.9824544421024024,0.00031788217597128465
spambase,1,40,0.9822617779786245,0.9825028046568365,0.00024102667821201962
spambase,1,50,0.98233315056978,0.9825343629715775,0.00020121240179749034
spambase,1,63,0.9824594391318365,0.9825542444333487,9.48053015121797e-05
spambase,2,3,0.984051883781341,0.9842954781031356,0.0002435943217945491
spambase,2,5,0.9856970915313583,0.9859595955605838,0.00026250402922545213
spambase,2,10,0.9865594050019277,0.9871542727169305,0.0005948677150027226
spambase,2,15,0.9867401039066104,0.9876453681289857,0.0009052642223753571
spambase,2,20,0.9866190019845911,0.9878870979465172,0.001268095961926119
spambase,2,30,0.9862343018221579,0.9880998054911231,0.0018655036689652071
spambase,2,40,0.9858900361208198,0.988246078220694,0.002356042099874167
spambase,2,50,0.9855531849841043,0.9883129199084812,0.0027597349243769775
spambase,2,63,0.9847142252194742,0.9883563288859114,0.0036421036664372464
twonorm,0,3,0.9976812004638731,0.9977671942840172,8.59938201440702e-05
twonorm,0,5,0.9979532299602687,0.9980732014673955,0.00011997150712683702
twonorm,0,10,0.9982339314788645,0.9983341205353485,0.00010018905648401244
twonorm,0,15,0.9982812948001147,0.9983853430664783,0.00010404826636356557
twonorm,0,20,0.9982932724307773,0.9984026199107069,0.00010934747992963345
twonorm,0,30,0.9983117396780534,0.998422351161219,0.00011061148316560132
twonorm,0,40,0.9983182740947815,0.998431083983575,0.00011280988879358578
twonorm,0,50,0.9983186132956499,0.9984399192061931,0.00012130591054326789
twonorm,0,63,0.9983180756942736,0.9984486360285083,0.00013056033423475277
twonorm,1,3,0.9958864602773531,0.996055991613354,0.00016953133600094983
twonorm,1,5,0.996449502842909,0.9965878946600413,0.00013839181713226623
twonorm,1,10,0.9968423324654845,0.9969450567173809,0.00010272425189639112
twonorm,1,15,0.997094069443271,0.9971474619900107,5.3392546739750024e-05
twonorm,1,20,0.9972125826568464,0.9972316068516542,1.9024194807815142e-05
twonorm,1,30,0.9972916010659948,0.9973020587730818,1.0457707086963808e-05
twonorm,1,40,0.9973770099405818,0.9973770099405818,0.0
twonorm,1,50,0.9974047158242899,0.9974047158242899,0.0
twonorm,1,63,0.997442533811546,0.997442533811546,0.0
twonorm,2,3,0.9973126107202834,0.9973353563785123,2.2745658228906507e-05
twonorm,2,5,0.997685331674449,0.9977347334009176,4.940172646861196e-05
twonorm,2,10,0.9981497488633571,0.998182728147784,3.2979284426915e-05
twonorm,2,15,0.9983102068741296,0.9983207701011715,1.0563227041848755e-05
twonorm,2,20,0.99832971092406,0.9983401461507743,1.0435226714289314e-05
twonorm,2,30,0.9983907286802653,0.9983947670906038,4.0384103384694114e-06
twonorm,2,40,0.99840813672483,0.9984120343348079,3.8976099778764706e-06
twonorm,2,50,0.9984271191734251,0.9984302423814205,3.123207995447963e-06
twonorm,2,63,0.9984435160154009,0.9984435160154009,0.0
vehicle,0,3,0.9223343705159026,0.923232838331209,0.0008984678153063363
vehicle,0,5,0.9275808457632125,0.928355461749079,0.0007746159858664781
vehicle,0,10,0.9364275526019804,0.9370549251150416,0.0006273725130612195
vehicle,0,15,0.9405958541674498,0.9410545699185053,0.000458715751055494
vehicle,0,20,0.9447211654577601,0.945148704974512,0.00042753951675189583
vehicle,0,30,0.9491041109284243,0.9494886828731026,0.0003845719446783358
vehicle,0,40,0.9508436942340949,0.9512544559788553,0.0004107617447604017
vehicle,0,50,0.9521725560411344,0.952371311724083,0.00019875568294858148
vehicle,0,63,0.9530620969582907,0.9530620969582907,0.0
vehicle,1,3,0.9280109723171751,0.9293380869377544,0.0013271146205793283
vehicle,1,5,0.9342476602616557,0.9354911589939574,0.0012434987323016733
vehicle,1,10,0.9414871282880479,0.942537448149456,0.0010503198614080222
vehicle,1,15,0.9470152063619948,0.9476070006287287,0.0005917942667339471
vehicle,1,20,0.949579988804937,0.9503749333840372,0.0007949445791002319
vehicle,1,30,0.9516440964987961,0.9528308395419267,0.0011867430431306003
vehicle,1,40,0.9531601669071266,0.9545475728332043,0.0013874059260777782
vehicle,1,50,0.9540465411918203,0.9553975171123358,0.0013509759205154737
vehicle,1,63,0.9539396589143343,0.9558168797397494,0.0018772208254150824
vehicle,2,3,0.932998834681253,0.9335513413936906,0.0005525067124375616
vehicle,2,5,0.9401560196222613,0.9405545473983853,0.0003985277761240358
vehicle,2,10,0.9488446840583495,0.9500820602004478,0.0012373761420982898
vehicle,2,15,0.9525591498134492,0.9544478418622618,0.0018886920488125902
vehicle,2,20,0.9547875567161566,0.957773213664947,0.002985656948790494
vehicle,2,30,0.9551666467479882,0.9602081298119453,0.00504148306395702
vehicle,2,40,0.9548128064707897,0.9622456871182863,0.007432880647496587
vehicle,2,50,0.9528990439006847,0.9627385664334682,0.009839522532783529
vehicle,2,63,0.949768323491933,0.9631839960190827,0.013415672527149702
