name,family,holdout,cv,test,dataset,seed
logreg_C0.01_std,linear,0.872554660529344,0.8603068905616675,0.9218266253869969,ionosphere,0
logreg_C0.01_quant,linear,0.7655350978135789,0.7959612044006948,0.8726780185758515,ionosphere,0
logreg_C0.1_std,linear,0.9157077100115074,0.8655906195715113,0.956656346749226,ionosphere,0
logreg_C0.1_quant,linear,0.7376294591484465,0.7742472495657209,0.8575851393188854,ionosphere,0
logreg_C1_std,linear,0.9113924050632911,0.8327301679212508,0.9636222910216719,ionosphere,0
logreg_C1_quant,linear,0.6766398158803222,0.7756948465547192,0.8111455108359134,ionosphere,0
logreg_C10_std,linear,0.8578826237054086,0.7982773595830921,0.9260835913312694,ionosphere,0
logreg_C10_quant,linear,0.6596662830840047,0.7646931094383325,0.7976006191950464,ionosphere,0
logreg_C100_std,linear,0.8199079401611047,0.7889403590040533,0.8711300309597524,ionosphere,0
logreg_C100_quant,linear,0.6554948216340621,0.7654169079328315,0.7964396284829722,ionosphere,0
rf_dNone_fsqrt,rf,0.9733889528193327,0.9667776491024899,0.9831656346749226,ionosphere,0
rf_dNone_f0.3,rf,0.970512082853855,0.9620729588882456,0.9773606811145512,ionosphere,0
rf_dNone_f0.7,rf,0.9641829689298043,0.9553054429646787,0.9705882352941176,ionosphere,0
rf_d4_fsqrt,rf,0.9686421173762946,0.9573682686740012,0.9779411764705883,ionosphere,0
rf_d4_f0.3,rf,0.9680667433831991,0.9505645628257093,0.9744582043343654,ionosphere,0
rf_d4_f0.7,rf,0.9611622554660528,0.939273306311523,0.96671826625387,ionosphere,0
rf_d8_fsqrt,rf,0.9749712313003452,0.9654748118123915,0.9833591331269351,ionosphere,0
rf_d8_f0.3,rf,0.970512082853855,0.9611320208453966,0.978328173374613,ionosphere,0
rf_d8_f0.7,rf,0.9640391254315306,0.9540749855240301,0.9709752321981424,ionosphere,0
rf_d16_fsqrt,rf,0.9733889528193327,0.9667776491024899,0.9831656346749226,ionosphere,0
rf_d16_f0.3,rf,0.970512082853855,0.9620729588882456,0.9773606811145512,ionosphere,0
rf_d16_f0.7,rf,0.9641829689298043,0.9553054429646787,0.9705882352941176,ionosphere,0
et_dNone_fsqrt,et,0.9820195627157653,0.9829545454545454,0.9864551083591332,ionosphere,0
et_dNone_f0.5,et,0.9795742232451093,0.9792993630573248,0.9845201238390092,ionosphere,0
et_d8_fsqrt,et,0.9801495972382048,0.9764765489287782,0.9880030959752322,ionosphere,0
et_d8_f0.5,et,0.9746835443037974,0.9719166184134337,0.9845201238390092,ionosphere,0
hgb_lr0.03_ln15_l20.0,gbdt,0.9415995397008056,0.9362333526346266,0.9736842105263158,ionosphere,0
hgb_lr0.03_ln15_l21.0,gbdt,0.9413118527042578,0.9369571511291256,0.971749226006192,ionosphere,0
hgb_lr0.03_ln31_l20.0,gbdt,0.9415995397008056,0.9362333526346266,0.9736842105263158,ionosphere,0
hgb_lr0.03_ln31_l21.0,gbdt,0.9413118527042578,0.9369571511291256,0.971749226006192,ionosphere,0
hgb_lr0.03_ln63_l20.0,gbdt,0.9415995397008056,0.9362333526346266,0.9736842105263158,ionosphere,0
hgb_lr0.03_ln63_l21.0,gbdt,0.9413118527042578,0.9369571511291256,0.971749226006192,ionosphere,0
hgb_lr0.1_ln15_l20.0,gbdt,0.9424626006904488,0.9226259409380428,0.9744582043343654,ionosphere,0
hgb_lr0.1_ln15_l21.0,gbdt,0.9533947065592636,0.9214678633468442,0.9760061919504643,ionosphere,0
hgb_lr0.1_ln31_l20.0,gbdt,0.9424626006904488,0.9226259409380428,0.9744582043343654,ionosphere,0
hgb_lr0.1_ln31_l21.0,gbdt,0.9533947065592636,0.9214678633468442,0.9760061919504643,ionosphere,0
hgb_lr0.1_ln63_l20.0,gbdt,0.9424626006904488,0.9226259409380428,0.9744582043343654,ionosphere,0
hgb_lr0.1_ln63_l21.0,gbdt,0.9533947065592636,0.9214678633468442,0.9760061919504643,ionosphere,0
hgb_lr0.3_ln15_l20.0,gbdt,0.9450517836593786,0.9028662420382165,0.9729102167182662,ionosphere,0
hgb_lr0.3_ln15_l21.0,gbdt,0.9588607594936709,0.9322524609148813,0.9709752321981424,ionosphere,0
hgb_lr0.3_ln31_l20.0,gbdt,0.9450517836593786,0.9028662420382165,0.9729102167182662,ionosphere,0
hgb_lr0.3_ln31_l21.0,gbdt,0.9588607594936709,0.9322524609148813,0.9709752321981424,ionosphere,0
hgb_lr0.3_ln63_l20.0,gbdt,0.9450517836593786,0.9028662420382165,0.9729102167182662,ionosphere,0
hgb_lr0.3_ln63_l21.0,gbdt,0.9588607594936709,0.9322524609148813,0.9709752321981424,ionosphere,0
knn1_std,knn,0.8623417721518987,0.8061305732484076,0.7995356037151703,ionosphere,0
knn1_quant,knn,0.7373417721518987,0.7340764331210191,0.7147832817337463,ionosphere,0
knn5_std,knn,0.9227560414269275,0.8894759698899826,0.8806114551083591,ionosphere,0
knn5_quant,knn,0.8224971231300345,0.8674724956572091,0.8333978328173375,ionosphere,0
knn15_std,knn,0.9267836593785961,0.9122756224667052,0.920859133126935,ionosphere,0
knn15_quant,knn,0.821921749136939,0.8665315576143602,0.8825464396284829,ionosphere,0
knn31_std,knn,0.8703970080552359,0.84995657209033,0.8792569659442725,ionosphere,0
knn31_quant,knn,0.7274165707710012,0.8092790966994788,0.884094427244582,ionosphere,0
svc_C0.1,svm,0.9666283084004603,0.9654748118123915,0.9767801857585139,ionosphere,0
svc_C1,svm,0.976409666283084,0.9782860451650262,0.983359133126935,ionosphere,0
svc_C10,svm,0.9720943613348676,0.9730746960046324,0.9825851393188855,ionosphere,0
"mlp_(64,)_a0.0001",mlp,0.9490794016110472,0.9387666473653735,0.9593653250773995,ionosphere,0
"mlp_(64,)_a0.01",mlp,0.9490794016110472,0.9386942675159237,0.9574303405572755,ionosphere,0
"mlp_(128, 64)_a0.0001",mlp,0.9499424626006905,0.95005790387956,0.9636222910216719,ionosphere,0
"mlp_(128, 64)_a0.01",mlp,0.9496547756041427,0.9502750434279097,0.9636222910216719,ionosphere,0
gaussiannb,nb,0.9361334867663981,0.9263173132599883,0.9578173374613003,ionosphere,0
dt_d3,tree,0.8383199079401611,0.8313187608569774,0.9270510835913313,ionosphere,0
dt_d6,tree,0.8633486766398158,0.8506803705848291,0.8560371517027863,ionosphere,0
dt_dNone,tree,0.8875143843498273,0.8638173132599885,0.8227554179566564,ionosphere,0
logreg_C0.01_std,linear,0.8972957422324511,0.8724667052692531,0.9365325077399382,ionosphere,1
logreg_C0.01_quant,linear,0.871403912543153,0.8236103068905617,0.836687306501548,ionosphere,1
logreg_C0.1_std,linear,0.9249136939010357,0.9051823972206138,0.9504643962848297,ionosphere,1
logreg_C0.1_quant,linear,0.8472382048331415,0.8039953676896352,0.8142414860681114,ionosphere,1
logreg_C1_std,linear,0.9119677790563867,0.8941082802547772,0.8854489164086687,ionosphere,1
logreg_C1_quant,linear,0.8222094361334868,0.7807614360162132,0.7972136222910217,ionosphere,1
logreg_C10_std,linear,0.9062140391254316,0.8829617834394905,0.8513931888544892,ionosphere,1
logreg_C10_quant,linear,0.8037974683544303,0.7724377533294731,0.7991486068111455,ionosphere,1
logreg_C100_std,linear,0.9010356731875719,0.8656268094962363,0.8390092879256965,ionosphere,1
logreg_C100_quant,linear,0.7968929804372842,0.7756948465547192,0.8018575851393189,ionosphere,1
rf_dNone_fsqrt,rf,0.9718066743383199,0.9790098436595253,0.965750773993808,ionosphere,1
rf_dNone_f0.3,rf,0.9712313003452244,0.9782136653155762,0.9622678018575851,ionosphere,1
rf_dNone_f0.7,rf,0.9561277330264673,0.9713375796178343,0.9583978328173375,ionosphere,1
rf_d4_fsqrt,rf,0.9646144994246261,0.9728575564562826,0.9647832817337462,ionosphere,1
rf_d4_f0.3,rf,0.966915995397008,0.9722061378112333,0.955108359133127,ionosphere,1
rf_d4_f0.7,rf,0.9513808975834293,0.9696728430804864,0.9651702786377709,ionosphere,1
rf_d8_fsqrt,rf,0.9723820483314154,0.9787927041111755,0.9671052631578947,ionosphere,1
rf_d8_f0.3,rf,0.9712313003452243,0.9777431962941517,0.9616873065015479,ionosphere,1
rf_d8_f0.7,rf,0.9561277330264673,0.971627099015634,0.961687306501548,ionosphere,1
rf_d16_fsqrt,rf,0.9718066743383199,0.9790098436595253,0.965750773993808,ionosphere,1
rf_d16_f0.3,rf,0.9712313003452244,0.9782136653155762,0.9622678018575851,ionosphere,1
rf_d16_f0.7,rf,0.9561277330264673,0.9713375796178343,0.9583978328173375,ionosphere,1
et_dNone_fsqrt,et,0.9797180667433831,0.9862478286045164,0.9738777089783281,ionosphere,1
et_dNone_f0.5,et,0.9749712313003452,0.9871163867979155,0.9698142414860681,ionosphere,1
et_d8_fsqrt,et,0.9789988492520139,0.9856687898089171,0.9763931888544892,ionosphere,1
et_d8_f0.5,et,0.975258918296893,0.9876954255935146,0.9659442724458205,ionosphere,1
hgb_lr0.03_ln15_l20.0,gbdt,0.937428078250863,0.9513607411696583,0.9554953560371516,ionosphere,1
hgb_lr0.03_ln15_l21.0,gbdt,0.9404487917146145,0.9554140127388535,0.9477554179566563,ionosphere,1
hgb_lr0.03_ln31_l20.0,gbdt,0.937428078250863,0.9513607411696583,0.9554953560371516,ionosphere,1
hgb_lr0.03_ln31_l21.0,gbdt,0.9404487917146145,0.9554140127388535,0.9477554179566563,ionosphere,1
hgb_lr0.03_ln63_l20.0,gbdt,0.937428078250863,0.9513607411696583,0.9554953560371516,ionosphere,1
hgb_lr0.03_ln63_l21.0,gbdt,0.9404487917146145,0.9554140127388535,0.9477554179566563,ionosphere,1
hgb_lr0.1_ln15_l20.0,gbdt,0.9365650172612198,0.9350752750434279,0.961687306501548,ionosphere,1
hgb_lr0.1_ln15_l21.0,gbdt,0.9391542002301496,0.9477417486971627,0.9616873065015481,ionosphere,1
hgb_lr0.1_ln31_l20.0,gbdt,0.9365650172612198,0.9350752750434279,0.961687306501548,ionosphere,1
hgb_lr0.1_ln31_l21.0,gbdt,0.9391542002301496,0.9477417486971627,0.9616873065015481,ionosphere,1
hgb_lr0.1_ln63_l20.0,gbdt,0.9365650172612198,0.9350752750434279,0.961687306501548,ionosphere,1
hgb_lr0.1_ln63_l21.0,gbdt,0.9391542002301496,0.9477417486971627,0.9616873065015481,ionosphere,1
hgb_lr0.3_ln15_l20.0,gbdt,0.9378596087456847,0.9308048639258829,0.9523993808049536,ionosphere,1
hgb_lr0.3_ln15_l21.0,gbdt,0.9434695051783659,0.9397799652576723,0.9589783281733747,ionosphere,1
hgb_lr0.3_ln31_l20.0,gbdt,0.9378596087456847,0.9308048639258829,0.9523993808049536,ionosphere,1
hgb_lr0.3_ln31_l21.0,gbdt,0.9434695051783659,0.9397799652576723,0.9589783281733747,ionosphere,1
hgb_lr0.3_ln63_l20.0,gbdt,0.9378596087456847,0.9308048639258829,0.9523993808049536,ionosphere,1
hgb_lr0.3_ln63_l21.0,gbdt,0.9434695051783659,0.9397799652576723,0.9589783281733747,ionosphere,1
knn1_std,knn,0.8055235903337168,0.7997611464968153,0.8421052631578947,ionosphere,1
knn1_quant,knn,0.7878308400460299,0.7372611464968153,0.8332043343653251,ionosphere,1
knn5_std,knn,0.9079401611047181,0.8888969310943833,0.9160216718266253,ionosphere,1
knn5_quant,knn,0.8716915995397009,0.818181818181818,0.9135061919504645,ionosphere,1
knn15_std,knn,0.8941311852704258,0.8841560509554139,0.90828173374613,ionosphere,1
knn15_quant,knn,0.9102416570771,0.8878112333526346,0.9191176470588236,ionosphere,1
knn31_std,knn,0.8650747986191024,0.8515851187029531,0.8635835913312694,ionosphere,1
knn31_quant,knn,0.852560414269275,0.8054429646786335,0.8939628482972136,ionosphere,1
svc_C0.1,svm,0.976409666283084,0.9780689056166764,0.9609133126934983,ionosphere,1
svc_C1,svm,0.9853279631760644,0.9855240301100174,0.9651702786377709,ionosphere,1
svc_C10,svm,0.979861910241657,0.9665605095541402,0.9671052631578947,ionosphere,1
"mlp_(64,)_a0.0001",mlp,0.9680667433831991,0.9444846554719166,0.9578173374613004,ionosphere,1
"mlp_(64,)_a0.01",mlp,0.9683544303797469,0.944195136074117,0.9574303405572756,ionosphere,1
"mlp_(128, 64)_a0.0001",mlp,0.9738204833141542,0.9546178343949043,0.9736842105263157,ionosphere,1
"mlp_(128, 64)_a0.01",mlp,0.974108170310702,0.9547625940938043,0.9740712074303405,ionosphere,1
gaussiannb,nb,0.9369965477560414,0.9404313839027216,0.9373065015479877,ionosphere,1
dt_d3,tree,0.8634925201380899,0.8723943254198032,0.9255030959752323,ionosphere,1
dt_d6,tree,0.8117088607594937,0.8406919513607412,0.7854102167182664,ionosphere,1
dt_dNone,tree,0.8117088607594937,0.8588231036479445,0.8900928792569659,ionosphere,1
logreg_C0.01_std,linear,0.9165707710011507,0.9004777070063694,0.90015479876161,ionosphere,2
logreg_C0.01_quant,linear,0.8104142692750287,0.824189345686161,0.833204334365325,ionosphere,2
logreg_C0.1_std,linear,0.9157077100115075,0.926679212507238,0.918343653250774,ionosphere,2
logreg_C0.1_quant,linear,0.850115074798619,0.8212941517081644,0.8320433436532508,ionosphere,2
logreg_C1_std,linear,0.9030494821634062,0.9080775911986103,0.9109907120743035,ionosphere,2
logreg_C1_quant,linear,0.8469505178365938,0.8269397799652577,0.8196594427244583,ionosphere,2
logreg_C10_std,linear,0.8731300345224395,0.8760856977417487,0.8869969040247678,ionosphere,2
logreg_C10_quant,linear,0.8457997698504028,0.8146352055587724,0.8246904024767803,ionosphere,2
logreg_C100_std,linear,0.8452243958573072,0.8548060220034743,0.8413312693498451,ionosphere,2
logreg_C100_quant,linear,0.841915995397008,0.8062391430225826,0.8231424148606812,ionosphere,2
rf_dNone_fsqrt,rf,0.9579976985040276,0.9673204979733643,0.9926470588235294,ionosphere,2
rf_dNone_f0.3,rf,0.961018411967779,0.9613491603937464,0.9926470588235294,ionosphere,2
rf_dNone_f0.7,rf,0.9310989643268125,0.9489722061378111,0.9891640866873066,ionosphere,2
rf_d4_fsqrt,rf,0.9568469505178365,0.9594672843080485,0.9910990712074303,ionosphere,2
rf_d4_f0.3,rf,0.9531070195627157,0.9507093225246092,0.9887770897832817,ionosphere,2
rf_d4_f0.7,rf,0.9346950517836594,0.9398523451071221,0.9876160990712074,ionosphere,2
rf_d8_fsqrt,rf,0.9572784810126582,0.9672481181239143,0.9934210526315789,ionosphere,2
rf_d8_f0.3,rf,0.9590046029919448,0.9609510712217718,0.9930340557275542,ionosphere,2
rf_d8_f0.7,rf,0.9309551208285386,0.947560799073538,0.9883900928792569,ionosphere,2
rf_d16_fsqrt,rf,0.9579976985040276,0.9673204979733643,0.9926470588235294,ionosphere,2
rf_d16_f0.3,rf,0.961018411967779,0.9613491603937464,0.9926470588235294,ionosphere,2
rf_d16_f0.7,rf,0.9310989643268125,0.9489722061378111,0.9891640866873066,ionosphere,2
et_dNone_fsqrt,et,0.982307249712313,0.9768746381007527,0.9916795665634675,ionosphere,2
et_dNone_f0.5,et,0.9769850402761795,0.9664519397799652,0.9945820433436533,ionosphere,2
et_d8_fsqrt,et,0.9830264672036824,0.9733642154024319,0.9922600619195047,ionosphere,2
et_d8_f0.5,et,0.9700805523590333,0.9648957730167921,0.9926470588235293,ionosphere,2
hgb_lr0.03_ln15_l20.0,gbdt,0.9309551208285387,0.9294296467863347,0.9787151702786377,ionosphere,2
hgb_lr0.03_ln15_l21.0,gbdt,0.9205983889528193,0.9347857556456283,0.9690402476780186,ionosphere,2
hgb_lr0.03_ln31_l20.0,gbdt,0.9309551208285387,0.9294296467863347,0.9787151702786377,ionosphere,2
hgb_lr0.03_ln31_l21.0,gbdt,0.9205983889528193,0.9347857556456283,0.9690402476780186,ionosphere,2
hgb_lr0.03_ln63_l20.0,gbdt,0.9309551208285387,0.9294296467863347,0.9787151702786377,ionosphere,2
hgb_lr0.03_ln63_l21.0,gbdt,0.9205983889528193,0.9347857556456283,0.9690402476780186,ionosphere,2
hgb_lr0.1_ln15_l20.0,gbdt,0.932681242807825,0.9265344528083381,0.9775541795665634,ionosphere,2
hgb_lr0.1_ln15_l21.0,gbdt,0.925776754890679,0.929212507237985,0.9779411764705883,ionosphere,2
hgb_lr0.1_ln31_l20.0,gbdt,0.932681242807825,0.9265344528083381,0.9775541795665634,ionosphere,2
hgb_lr0.1_ln31_l21.0,gbdt,0.925776754890679,0.929212507237985,0.9779411764705883,ionosphere,2
hgb_lr0.1_ln63_l20.0,gbdt,0.932681242807825,0.9265344528083381,0.9775541795665634,ionosphere,2
hgb_lr0.1_ln63_l21.0,gbdt,0.925776754890679,0.929212507237985,0.9779411764705883,ionosphere,2
hgb_lr0.3_ln15_l20.0,gbdt,0.932681242807825,0.9239287782281412,0.9806501547987616,ionosphere,2
hgb_lr0.3_ln15_l21.0,gbdt,0.9266398158803222,0.9338448176027794,0.9744582043343654,ionosphere,2
hgb_lr0.3_ln31_l20.0,gbdt,0.932681242807825,0.9239287782281412,0.9806501547987616,ionosphere,2
hgb_lr0.3_ln31_l21.0,gbdt,0.9266398158803222,0.9338448176027794,0.9744582043343654,ionosphere,2
hgb_lr0.3_ln63_l20.0,gbdt,0.932681242807825,0.9239287782281412,0.9806501547987616,ionosphere,2
hgb_lr0.3_ln63_l21.0,gbdt,0.9266398158803222,0.9338448176027794,0.9744582043343654,ionosphere,2
knn1_std,knn,0.7941599539700805,0.7820280833815866,0.8537151702786379,ionosphere,2
knn1_quant,knn,0.696921749136939,0.7479371742906775,0.7805727554179567,ionosphere,2
knn5_std,knn,0.9116800920598389,0.9004777070063694,0.8813854489164088,ionosphere,2
knn5_quant,knn,0.8386075949367089,0.878365662999421,0.8521671826625388,ionosphere,2
knn15_std,knn,0.9144131185270425,0.8952663578459756,0.9185371517027864,ionosphere,2
knn15_quant,knn,0.8440736478711163,0.880066589461494,0.8949303405572756,ionosphere,2
knn31_std,knn,0.876150747986191,0.848328025477707,0.8846749226006192,ionosphere,2
knn31_quant,knn,0.7085730724971232,0.7873118123914302,0.8601006191950464,ionosphere,2
svc_C0.1,svm,0.9726697353279631,0.9612767805442964,0.9876160990712074,ionosphere,2
svc_C1,svm,0.9743958573072496,0.9698176027793861,0.9926470588235294,ionosphere,2
svc_C10,svm,0.9795742232451093,0.9651129125651419,0.9829721362229102,ionosphere,2
"mlp_(64,)_a0.0001",mlp,0.9372842347525892,0.9449189345686162,0.9864551083591331,ionosphere,2
"mlp_(64,)_a0.01",mlp,0.937571921749137,0.9447017950202663,0.9864551083591331,ionosphere,2
"mlp_(128, 64)_a0.0001",mlp,0.9663406214039125,0.9544730746960046,0.9674922600619195,ionosphere,2
"mlp_(128, 64)_a0.01",mlp,0.965765247410817,0.9544006948465547,0.9663312693498451,ionosphere,2
gaussiannb,nb,0.9617376294591484,0.9289953676896352,0.9597523219814241,ionosphere,2
dt_d3,tree,0.8463751438434981,0.8614649681528663,0.8782894736842106,ionosphere,2
dt_d6,tree,0.8721231300345225,0.8509698899826288,0.8682275541795667,ionosphere,2
dt_dNone,tree,0.8521288837744533,0.8626954255935148,0.8784829721362228,ionosphere,2
logreg_C0.01_std,linear,0.8408748114630468,0.8072956455309396,0.8813387423935092,sonar,0
logreg_C0.01_quant,linear,0.8800904977375565,0.8013750954927426,0.8671399594320487,sonar,0
logreg_C0.1_std,linear,0.8868778280542986,0.8109243697478992,0.8701825557809331,sonar,0
logreg_C0.1_quant,linear,0.8838612368024132,0.7956455309396486,0.8468559837728193,sonar,0
logreg_C1_std,linear,0.9034690799396682,0.8084415584415585,0.8356997971602435,sonar,0
logreg_C1_quant,linear,0.8107088989441931,0.7807486631016043,0.8306288032454362,sonar,0
logreg_C10_std,linear,0.8944193061840121,0.8172268907563025,0.8275862068965517,sonar,0
logreg_C10_quant,linear,0.7549019607843138,0.7763559969442323,0.8346855983772821,sonar,0
logreg_C100_std,linear,0.8914027149321266,0.8218105423987777,0.8184584178498986,sonar,0
logreg_C100_quant,linear,0.7345399698340874,0.7799847211611918,0.8367139959432048,sonar,0
rf_dNone_fsqrt,rf,0.9144042232277526,0.8411955691367456,0.9756592292089249,sonar,0
rf_dNone_f0.3,rf,0.9223227752639517,0.8293544690603515,0.9528397565922921,sonar,0
rf_dNone_f0.7,rf,0.9117647058823529,0.8256302521008404,0.9513184584178499,sonar,0
rf_d4_fsqrt,rf,0.9064856711915535,0.8454927425515661,0.9614604462474645,sonar,0
rf_d4_f0.3,rf,0.9034690799396682,0.8290679908326968,0.9563894523326572,sonar,0
rf_d4_f0.7,rf,0.9170437405731523,0.8220015278838808,0.949290060851927,sonar,0
rf_d8_fsqrt,rf,0.9144042232277526,0.8413865546218487,0.9756592292089249,sonar,0
rf_d8_f0.3,rf,0.9223227752639517,0.8293544690603515,0.9553752535496958,sonar,0
rf_d8_f0.7,rf,0.9117647058823529,0.8256302521008404,0.9513184584178498,sonar,0
rf_d16_fsqrt,rf,0.9144042232277526,0.8411955691367456,0.9756592292089249,sonar,0
rf_d16_f0.3,rf,0.9223227752639517,0.8293544690603515,0.9528397565922921,sonar,0
rf_d16_f0.7,rf,0.9117647058823529,0.8256302521008404,0.9513184584178499,sonar,0
et_dNone_fsqrt,et,0.9596530920060331,0.8796791443850268,0.9695740365111561,sonar,0
et_dNone_f0.5,et,0.9325037707390648,0.8672650878533232,0.9842799188640974,sonar,0
et_d8_fsqrt,et,0.9487179487179487,0.8762414056531703,0.9736308316430021,sonar,0
et_d8_f0.5,et,0.9313725490196078,0.872803666921314,0.9888438133874239,sonar,0
hgb_lr0.03_ln15_l20.0,gbdt,0.8800904977375565,0.7896294881588999,0.9563894523326572,sonar,0
hgb_lr0.03_ln15_l21.0,gbdt,0.8748114630467572,0.7922077922077921,0.9482758620689655,sonar,0
hgb_lr0.03_ln31_l20.0,gbdt,0.8800904977375565,0.7896294881588999,0.9563894523326572,sonar,0
hgb_lr0.03_ln31_l21.0,gbdt,0.8748114630467572,0.7922077922077921,0.9482758620689655,sonar,0
hgb_lr0.03_ln63_l20.0,gbdt,0.8800904977375565,0.7896294881588999,0.9563894523326572,sonar,0
hgb_lr0.03_ln63_l21.0,gbdt,0.8748114630467572,0.7922077922077921,0.9482758620689655,sonar,0
hgb_lr0.1_ln15_l20.0,gbdt,0.8717948717948718,0.793353705118411,0.9462474645030425,sonar,0
hgb_lr0.1_ln15_l21.0,gbdt,0.8687782805429864,0.7892475171886937,0.9553752535496957,sonar,0
hgb_lr0.1_ln31_l20.0,gbdt,0.8717948717948718,0.793353705118411,0.9462474645030425,sonar,0
hgb_lr0.1_ln31_l21.0,gbdt,0.8687782805429864,0.7892475171886937,0.9553752535496957,sonar,0
hgb_lr0.1_ln63_l20.0,gbdt,0.8717948717948718,0.793353705118411,0.9462474645030425,sonar,0
hgb_lr0.1_ln63_l21.0,gbdt,0.8687782805429864,0.7892475171886937,0.9553752535496957,sonar,0
hgb_lr0.3_ln15_l20.0,gbdt,0.892156862745098,0.8166539343009931,0.9523326572008113,sonar,0
hgb_lr0.3_ln15_l21.0,gbdt,0.9027149321266968,0.8277310924369747,0.9371196754563895,sonar,0
hgb_lr0.3_ln31_l20.0,gbdt,0.892156862745098,0.8166539343009931,0.9523326572008113,sonar,0
hgb_lr0.3_ln31_l21.0,gbdt,0.9027149321266968,0.8277310924369747,0.9371196754563895,sonar,0
hgb_lr0.3_ln63_l20.0,gbdt,0.892156862745098,0.8166539343009931,0.9523326572008113,sonar,0
hgb_lr0.3_ln63_l21.0,gbdt,0.9027149321266968,0.8277310924369747,0.9371196754563895,sonar,0
knn1_std,knn,0.7926093514328808,0.7944996180290298,0.9533468559837729,sonar,0
knn1_quant,knn,0.7779034690799397,0.7832314744079452,0.776369168356998,sonar,0
knn5_std,knn,0.7496229260935143,0.7907754010695187,0.9381338742393509,sonar,0
knn5_quant,knn,0.7541478129713424,0.775305576776165,0.8828600405679513,sonar,0
knn15_std,knn,0.6380090497737557,0.6680672268907563,0.8945233265720081,sonar,0
knn15_quant,knn,0.7386877828054299,0.7239304812834224,0.8808316430020283,sonar,0
knn31_std,knn,0.670814479638009,0.7301375095492743,0.896551724137931,sonar,0
knn31_quant,knn,0.7892156862745098,0.7358670741023682,0.8666328600405679,sonar,0
svc_C0.1,svm,0.2526395173453997,0.8183728036669213,0.922920892494929,sonar,0
svc_C1,svm,0.901206636500754,0.8714667685255921,0.9442190669371197,sonar,0
svc_C10,svm,0.9615384615384615,0.881588999236058,0.9634888438133875,sonar,0
"mlp_(64,)_a0.0001",mlp,0.9449472096530921,0.8601986249045073,0.9350912778904665,sonar,0
"mlp_(64,)_a0.01",mlp,0.9457013574660634,0.8601986249045073,0.9350912778904665,sonar,0
"mlp_(128, 64)_a0.0001",mlp,0.9705882352941178,0.8529411764705882,0.9543610547667344,sonar,0
"mlp_(128, 64)_a0.01",mlp,0.9705882352941178,0.8529411764705882,0.9543610547667344,sonar,0
gaussiannb,nb,0.729260935143288,0.7597402597402597,0.7971602434077079,sonar,0
dt_d3,tree,0.7258672699849171,0.6673987776928954,0.8225152129817443,sonar,0
dt_d6,tree,0.7138009049773756,0.6594728800611154,0.8230223123732251,sonar,0
dt_dNone,tree,0.7138009049773756,0.6594728800611154,0.8230223123732251,sonar,0
logreg_C0.01_std,linear,0.8325791855203619,0.8292589763177999,0.8742393509127788,sonar,1
logreg_C0.01_quant,linear,0.8446455505279035,0.8195187165775402,0.8651115618661258,sonar,1
logreg_C0.1_std,linear,0.8461538461538461,0.8451107715813598,0.8701825557809331,sonar,1
logreg_C0.1_quant,linear,0.8544494720965309,0.8076776165011459,0.8610547667342798,sonar,1
logreg_C1_std,linear,0.849924585218703,0.8573338426279602,0.8397565922920893,sonar,1
logreg_C1_quant,linear,0.8069381598793364,0.8025210084033614,0.8154158215010141,sonar,1
logreg_C10_std,linear,0.8506787330316743,0.8535141329258976,0.8174442190669371,sonar,1
logreg_C10_quant,linear,0.7737556561085973,0.7973644003055768,0.8103448275862069,sonar,1
logreg_C100_std,linear,0.8574660633484162,0.8453017570664629,0.806288032454361,sonar,1
logreg_C100_quant,linear,0.7571644042232277,0.7946906035141328,0.797160243407708,sonar,1
rf_dNone_fsqrt,rf,0.8944193061840121,0.8874140565317037,0.9533468559837728,sonar,1
rf_dNone_f0.3,rf,0.9057315233785822,0.8843582887700534,0.9208924949290062,sonar,1
rf_dNone_f0.7,rf,0.8789592760180995,0.8856951871657754,0.9026369168356998,sonar,1
rf_d4_fsqrt,rf,0.9004524886877828,0.8815889992360582,0.9401622718052738,sonar,1
rf_d4_f0.3,rf,0.8959276018099548,0.8794881588999236,0.936105476673428,sonar,1
rf_d4_f0.7,rf,0.8785822021116139,0.8806340718105424,0.9016227180527383,sonar,1
rf_d8_fsqrt,rf,0.8944193061840121,0.8873185637891521,0.9574036511156188,sonar,1
rf_d8_f0.3,rf,0.9057315233785822,0.8844537815126051,0.9198782961460447,sonar,1
rf_d8_f0.7,rf,0.8789592760180995,0.8856951871657754,0.9041582150101419,sonar,1
rf_d16_fsqrt,rf,0.8944193061840121,0.8874140565317037,0.9533468559837728,sonar,1
rf_d16_f0.3,rf,0.9057315233785822,0.8843582887700534,0.9208924949290062,sonar,1
rf_d16_f0.7,rf,0.8789592760180995,0.8856951871657754,0.9026369168356998,sonar,1
et_dNone_fsqrt,et,0.9377828054298643,0.9168258212375859,0.9726166328600405,sonar,1
et_dNone_f0.5,et,0.9385369532428356,0.9304812834224598,0.9781947261663286,sonar,1
et_d8_fsqrt,et,0.9374057315233786,0.9152024446142093,0.9756592292089249,sonar,1
et_d8_f0.5,et,0.9411764705882353,0.9260886172650878,0.9756592292089249,sonar,1
hgb_lr0.03_ln15_l20.0,gbdt,0.7997737556561086,0.8854087089381207,0.9310344827586207,sonar,1
hgb_lr0.03_ln15_l21.0,gbdt,0.798265460030166,0.8839763177998473,0.9310344827586207,sonar,1
hgb_lr0.03_ln31_l20.0,gbdt,0.7997737556561086,0.8854087089381207,0.9310344827586207,sonar,1
hgb_lr0.03_ln31_l21.0,gbdt,0.798265460030166,0.8839763177998473,0.9310344827586207,sonar,1
hgb_lr0.03_ln63_l20.0,gbdt,0.7997737556561086,0.8854087089381207,0.9310344827586207,sonar,1
hgb_lr0.03_ln63_l21.0,gbdt,0.798265460030166,0.8839763177998473,0.9310344827586207,sonar,1
hgb_lr0.1_ln15_l20.0,gbdt,0.8220211161387633,0.8863636363636364,0.9330628803245435,sonar,1
hgb_lr0.1_ln15_l21.0,gbdt,0.8009049773755655,0.8961038961038961,0.9350912778904665,sonar,1
hgb_lr0.1_ln31_l20.0,gbdt,0.8220211161387633,0.8863636363636364,0.9330628803245435,sonar,1
hgb_lr0.1_ln31_l21.0,gbdt,0.8009049773755655,0.8961038961038961,0.9350912778904665,sonar,1
hgb_lr0.1_ln63_l20.0,gbdt,0.8220211161387633,0.8863636363636364,0.9330628803245435,sonar,1
hgb_lr0.1_ln63_l21.0,gbdt,0.8009049773755655,0.8961038961038961,0.9350912778904665,sonar,1
hgb_lr0.3_ln15_l20.0,gbdt,0.8363499245852187,0.8875095492742552,0.9330628803245435,sonar,1
hgb_lr0.3_ln15_l21.0,gbdt,0.8193815987933635,0.8892284186401834,0.9269776876267748,sonar,1
hgb_lr0.3_ln31_l20.0,gbdt,0.8363499245852187,0.8875095492742552,0.9330628803245435,sonar,1
hgb_lr0.3_ln31_l21.0,gbdt,0.8193815987933635,0.8892284186401834,0.9269776876267748,sonar,1
hgb_lr0.3_ln63_l20.0,gbdt,0.8363499245852187,0.8875095492742552,0.9330628803245435,sonar,1
hgb_lr0.3_ln63_l21.0,gbdt,0.8193815987933635,0.8892284186401834,0.9269776876267748,sonar,1
knn1_std,knn,0.8495475113122172,0.8117838044308632,0.8671399594320487,sonar,1
knn1_quant,knn,0.779788838612368,0.8027119938884645,0.768762677484787,sonar,1
knn5_std,knn,0.8352187028657617,0.805672268907563,0.8630831643002028,sonar,1
knn5_quant,knn,0.8363499245852187,0.8605805958747135,0.8661257606490872,sonar,1
knn15_std,knn,0.7635746606334841,0.806340718105424,0.8149087221095335,sonar,1
knn15_quant,knn,0.7496229260935144,0.8169404125286479,0.8585192697768763,sonar,1
knn31_std,knn,0.7462292609351433,0.7539152024446142,0.7920892494929006,sonar,1
knn31_quant,knn,0.7141779788838613,0.7756875477463713,0.8184584178498985,sonar,1
svc_C0.1,svm,0.18552036199095023,0.8111153552330024,0.8640973630831643,sonar,1
svc_C1,svm,0.8914027149321267,0.8777692895339954,0.9675456389452333,sonar,1
svc_C10,svm,0.8929110105580694,0.9071810542398778,0.9543610547667343,sonar,1
"mlp_(64,)_a0.0001",mlp,0.8748114630467572,0.904507257448434,0.9350912778904665,sonar,1
"mlp_(64,)_a0.01",mlp,0.8778280542986425,0.9025974025974026,0.934077079107505,sonar,1
"mlp_(128, 64)_a0.0001",mlp,0.9095022624434388,0.9264705882352942,0.9553752535496958,sonar,1
"mlp_(128, 64)_a0.01",mlp,0.9095022624434388,0.9268525592055004,0.9553752535496958,sonar,1
gaussiannb,nb,0.8559577677224737,0.8029029793735676,0.7961460446247464,sonar,1
dt_d3,tree,0.6138763197586727,0.7844728800611154,0.6419878296146044,sonar,1
dt_d6,tree,0.6549773755656109,0.7970779220779219,0.6369168356997972,sonar,1
dt_dNone,tree,0.6549773755656109,0.7970779220779219,0.6313387423935092,sonar,1
logreg_C0.01_std,linear,0.8951734539969834,0.8533231474407945,0.8306288032454361,sonar,2
logreg_C0.01_quant,linear,0.8883861236802413,0.8542780748663101,0.8154158215010142,sonar,2
logreg_C0.1_std,linear,0.8717948717948718,0.8559969442322384,0.7920892494929006,sonar,2
logreg_C0.1_quant,linear,0.8273001508295627,0.8344155844155844,0.8093306288032454,sonar,2
logreg_C1_std,linear,0.832579185520362,0.8363254392666157,0.7636916835699797,sonar,2
logreg_C1_quant,linear,0.7933634992458523,0.8084415584415585,0.8103448275862069,sonar,2
logreg_C10_std,linear,0.8076923076923077,0.8128342245989305,0.7829614604462475,sonar,2
logreg_C10_quant,linear,0.7880844645550529,0.7979373567608862,0.8123732251521298,sonar,2
logreg_C100_std,linear,0.797134238310709,0.8027119938884645,0.795131845841785,sonar,2
logreg_C100_quant,linear,0.773001508295626,0.7960275019098548,0.8093306288032456,sonar,2
rf_dNone_fsqrt,rf,0.85105580693816,0.8847402597402597,0.9087221095334685,sonar,2
rf_dNone_f0.3,rf,0.8284313725490197,0.8760504201680672,0.9036511156186612,sonar,2
rf_dNone_f0.7,rf,0.8046757164404224,0.8621084797555385,0.8864097363083164,sonar,2
rf_d4_fsqrt,rf,0.8521870286576169,0.8821619556913675,0.9066937119675457,sonar,2
rf_d4_f0.3,rf,0.8265460030165912,0.8707028265851796,0.9016227180527383,sonar,2
rf_d4_f0.7,rf,0.808446455505279,0.8596256684491977,0.8874239350912779,sonar,2
rf_d8_fsqrt,rf,0.8506787330316742,0.8846447669977082,0.9107505070993915,sonar,2
rf_d8_f0.3,rf,0.8284313725490197,0.8760504201680672,0.9046653144016227,sonar,2
rf_d8_f0.7,rf,0.8046757164404224,0.8621084797555385,0.8859026369168357,sonar,2
rf_d16_fsqrt,rf,0.85105580693816,0.8847402597402597,0.9087221095334685,sonar,2
rf_d16_f0.3,rf,0.8284313725490197,0.8760504201680672,0.9036511156186612,sonar,2
rf_d16_f0.7,rf,0.8046757164404224,0.8621084797555385,0.8864097363083164,sonar,2
et_dNone_fsqrt,et,0.897812971342383,0.92255538579068,0.9523326572008113,sonar,2
et_dNone_f0.5,et,0.8763197586726998,0.9118601986249044,0.9614604462474645,sonar,2
et_d8_fsqrt,et,0.9042232277526394,0.9136745607333843,0.9563894523326572,sonar,2
et_d8_f0.5,et,0.8748114630467572,0.9069900687547746,0.960446247464503,sonar,2
hgb_lr0.03_ln15_l20.0,gbdt,0.8295625942684766,0.838903743315508,0.90973630831643,sonar,2
hgb_lr0.03_ln15_l21.0,gbdt,0.8303167420814479,0.8369938884644768,0.9016227180527383,sonar,2
hgb_lr0.03_ln31_l20.0,gbdt,0.8295625942684766,0.838903743315508,0.90973630831643,sonar,2
hgb_lr0.03_ln31_l21.0,gbdt,0.8303167420814479,0.8369938884644768,0.9016227180527383,sonar,2
hgb_lr0.03_ln63_l20.0,gbdt,0.8295625942684766,0.838903743315508,0.90973630831643,sonar,2
hgb_lr0.03_ln63_l21.0,gbdt,0.8303167420814479,0.8369938884644768,0.9016227180527383,sonar,2
hgb_lr0.1_ln15_l20.0,gbdt,0.8650075414781297,0.85609243697479,0.9127789046653143,sonar,2
hgb_lr0.1_ln15_l21.0,gbdt,0.8431372549019608,0.8525592055003819,0.9036511156186613,sonar,2
hgb_lr0.1_ln31_l20.0,gbdt,0.8650075414781297,0.85609243697479,0.9127789046653143,sonar,2
hgb_lr0.1_ln31_l21.0,gbdt,0.8431372549019608,0.8525592055003819,0.9036511156186613,sonar,2
hgb_lr0.1_ln63_l20.0,gbdt,0.8650075414781297,0.85609243697479,0.9127789046653143,sonar,2
hgb_lr0.1_ln63_l21.0,gbdt,0.8431372549019608,0.8525592055003819,0.9036511156186613,sonar,2
hgb_lr0.3_ln15_l20.0,gbdt,0.849924585218703,0.8859816653934302,0.90973630831643,sonar,2
hgb_lr0.3_ln15_l21.0,gbdt,0.8220211161387632,0.8714667685255921,0.9006085192697769,sonar,2
hgb_lr0.3_ln31_l20.0,gbdt,0.849924585218703,0.8859816653934302,0.90973630831643,sonar,2
hgb_lr0.3_ln31_l21.0,gbdt,0.8220211161387632,0.8714667685255921,0.9006085192697769,sonar,2
hgb_lr0.3_ln63_l20.0,gbdt,0.849924585218703,0.8859816653934302,0.90973630831643,sonar,2
hgb_lr0.3_ln63_l21.0,gbdt,0.8220211161387632,0.8714667685255921,0.9006085192697769,sonar,2
knn1_std,knn,0.829185520361991,0.7715813598166539,0.8427991886409736,sonar,2
knn1_quant,knn,0.8144796380090499,0.7905844155844156,0.8696754563894523,sonar,2
knn5_std,knn,0.8273001508295627,0.8237203972498089,0.9350912778904665,sonar,2
knn5_quant,knn,0.8031674208144796,0.8359434682964095,0.9168356997971602,sonar,2
knn15_std,knn,0.7285067873303167,0.8013750954927426,0.7981744421906694,sonar,2
knn15_quant,knn,0.8367269984917044,0.8417685255920551,0.8341784989858012,sonar,2
knn31_std,knn,0.7435897435897436,0.7831359816653934,0.7799188640973631,sonar,2
knn31_quant,knn,0.7835595776772247,0.8407181054239877,0.7996957403651116,sonar,2
svc_C0.1,svm,0.13159879336349922,0.8334606569900687,0.8651115618661258,sonar,2
svc_C1,svm,0.9049773755656109,0.9037433155080213,0.922920892494929,sonar,2
svc_C10,svm,0.9162895927601811,0.9136745607333843,0.9553752535496958,sonar,2
"mlp_(64,)_a0.0001",mlp,0.9102564102564102,0.901642475171887,0.9056795131845842,sonar,2
"mlp_(64,)_a0.01",mlp,0.9102564102564102,0.9014514896867839,0.9056795131845842,sonar,2
"mlp_(128, 64)_a0.0001",mlp,0.9245852187028658,0.9022154316271963,0.9432048681541582,sonar,2
"mlp_(128, 64)_a0.01",mlp,0.923076923076923,0.9027883880825057,0.9432048681541582,sonar,2
gaussiannb,nb,0.8763197586726998,0.7860962566844919,0.8154158215010142,sonar,2
dt_d3,tree,0.665158371040724,0.7121848739495797,0.6516227180527383,sonar,2
dt_d6,tree,0.6312217194570136,0.7196333078686019,0.7003042596348884,sonar,2
dt_dNone,tree,0.6312217194570136,0.7196333078686019,0.7003042596348884,sonar,2
logreg_C0.01_std,linear,0.7966795437821927,0.7996709841243153,0.8475224476222148,churn,0
logreg_C0.01_quant,linear,0.7560169855285749,0.7614329195477847,0.8157320419022281,churn,0
logreg_C0.1_std,linear,0.8042065244052001,0.8005403350153522,0.845953192550715,churn,0
logreg_C0.1_quant,linear,0.7523837993622762,0.7566791942359169,0.812510392417692,churn,0
logreg_C1_std,linear,0.8065749938680402,0.8004448019504031,0.8435941137346192,churn,0
logreg_C1_quant,linear,0.753495217071376,0.7558270392965709,0.811076238776189,churn,0
logreg_C10_std,linear,0.8062913907284768,0.8002919490464844,0.8424509477884936,churn,0
logreg_C10_quant,linear,0.7541237429482462,0.7558671631838496,0.8110762387761888,churn,0
logreg_C100_std,linear,0.8063373804267843,0.8002613784657009,0.8422638842700366,churn,0
logreg_C100_quant,linear,0.7541237429482461,0.7558786271516433,0.8110866311938809,churn,0
rf_dNone_fsqrt,rf,0.904076986754967,0.9017356447239955,0.9281416278683075,churn,0
rf_dNone_f0.3,rf,0.9027509504537651,0.901993583999358,0.9208253658131028,churn,0
rf_dNone_f0.7,rf,0.9094501165072357,0.9112679339446175,0.9148289408047888,churn,0
rf_d4_fsqrt,rf,0.8825039857738534,0.8854864257068014,0.9267958097771866,churn,0
rf_d4_f0.3,rf,0.8846961613931813,0.8914438676370278,0.9275440638510141,churn,0
rf_d4_f0.7,rf,0.898926140544518,0.8896841485806652,0.9077153308945793,churn,0
rf_d8_fsqrt,rf,0.9056214741231298,0.9001507511764897,0.9317841702693715,churn,0
rf_d8_f0.3,rf,0.9081585724797645,0.904732516971449,0.9247381110741603,churn,0
rf_d8_f0.7,rf,0.9057057885700269,0.9108370798216971,0.9126829065513801,churn,0
rf_d16_fsqrt,rf,0.9030307211184695,0.9013420484964051,0.928292317924842,churn,0
rf_d16_f0.3,rf,0.9035136129506991,0.9015847024813759,0.9219945128034587,churn,0
rf_d16_f0.7,rf,0.9072157836644592,0.9114914813165985,0.9146470734951779,churn,0
et_dNone_fsqrt,et,0.8956685369143979,0.8974863339950591,0.9163670186232125,churn,0
et_dNone_f0.5,et,0.9015437208731911,0.9054337296681755,0.9184403059527768,churn,0
et_d8_fsqrt,et,0.8842285994603876,0.8923800916735292,0.9058446957100099,churn,0
et_d8_f0.5,et,0.8999340814324259,0.904839514004192,0.9210903724642501,churn,0
hgb_lr0.03_ln15_l20.0,gbdt,0.8885133063527103,0.9117284033176724,0.9088584968407052,churn,0
hgb_lr0.03_ln15_l21.0,gbdt,0.8985007358351729,0.9044287218249109,0.9184818756235452,churn,0
hgb_lr0.03_ln31_l20.0,gbdt,0.8976116016678929,0.9019811647009147,0.9147613900897906,churn,0
hgb_lr0.03_ln31_l21.0,gbdt,0.9047936595535933,0.9006503891061735,0.9129635018290655,churn,0
hgb_lr0.03_ln63_l20.0,gbdt,0.8984547461368654,0.9025428991228154,0.9167567342866645,churn,0
hgb_lr0.03_ln63_l21.0,gbdt,0.9048013245033112,0.9016974314980156,0.9195107249750581,churn,0
hgb_lr0.1_ln15_l20.0,gbdt,0.8836154034829531,0.9106192644336131,0.9070398237445959,churn,0
hgb_lr0.1_ln15_l21.0,gbdt,0.899359210203581,0.9012149895200225,0.9190638510142999,churn,0
hgb_lr0.1_ln31_l20.0,gbdt,0.8891724920284523,0.9064568887937804,0.9122879946790822,churn,0
hgb_lr0.1_ln31_l21.0,gbdt,0.9026168138337013,0.9003981818147079,0.9239171100764882,churn,0
hgb_lr0.1_ln63_l20.0,gbdt,0.8893334559725288,0.9004793849199146,0.9214021449950117,churn,0
hgb_lr0.1_ln63_l21.0,gbdt,0.9012524527839099,0.8945582455543688,0.91865854672431,churn,0
hgb_lr0.3_ln15_l20.0,gbdt,0.8858842285994603,0.9110931084357606,0.9123295643498505,churn,0
hgb_lr0.3_ln15_l21.0,gbdt,0.8955267353446161,0.9086837645377441,0.9172347855004989,churn,0
hgb_lr0.3_ln31_l20.0,gbdt,0.8903145695364237,0.9033128956263051,0.9205811439973395,churn,0
hgb_lr0.3_ln31_l21.0,gbdt,0.9022718910963944,0.9032288265291499,0.920664283338876,churn,0
hgb_lr0.3_ln63_l20.0,gbdt,0.8980408388520972,0.8984464412977976,0.9162786830728301,churn,0
hgb_lr0.3_ln63_l21.0,gbdt,0.9049776183468237,0.9072412152570126,0.9221919687396075,churn,0
knn1_std,knn,0.6533526490066225,0.6457691271525988,0.6381152311273696,churn,0
knn1_quant,knn,0.6452354672553349,0.6194860703237998,0.6065014965081477,churn,0
knn5_std,knn,0.8083302673534462,0.7902657538800755,0.8138769953441969,churn,0
knn5_quant,knn,0.7409898516065734,0.7635432449525105,0.764845568673096,churn,0
knn15_std,knn,0.8273929973019376,0.8425787049155583,0.8640567841702693,churn,0
knn15_quant,knn,0.7757005764042189,0.795622292831772,0.8121882274692385,churn,0
knn31_std,knn,0.8531165685553103,0.8523966380003782,0.8821863568340539,churn,0
knn31_quant,knn,0.7782759995094433,0.7979045777534062,0.8279431326903892,churn,0
svc_C0.1,svm,0.8736662987490803,0.8790054625806536,0.9013967409378117,churn,0
svc_C1,svm,0.8768549178317391,0.8822918000149033,0.9018643997339542,churn,0
svc_C10,svm,0.8619006009320579,0.8662021212161741,0.8931971233787829,churn,0
"mlp_(64,)_a0.0001",mlp,0.8480347068923227,0.8540484046933484,0.8879593448619886,churn,0
"mlp_(64,)_a0.01",mlp,0.8479580573951435,0.8546942082124043,0.8883646491519787,churn,0
"mlp_(128, 64)_a0.0001",mlp,0.8479427274957076,0.8530414861887848,0.8667692051878948,churn,0
"mlp_(128, 64)_a0.01",mlp,0.8470152685798381,0.8531465725602287,0.8678396242101761,churn,0
gaussiannb,nb,0.8186702845229336,0.8184260354351244,0.8593178417026938,churn,0
dt_d3,tree,0.7965913968604367,0.8087638212461715,0.8015671765879615,churn,0
dt_d6,tree,0.8356443156732892,0.8281054455757684,0.8222688726305288,churn,0
dt_dNone,tree,0.8280675128771156,0.8128163338613128,0.770036581310276,churn,0
logreg_C0.01_std,linear,0.7959611354543722,0.8054488238924373,0.8401334386431659,churn,1
logreg_C0.01_quant,linear,0.7632539531339302,0.766431209505922,0.8034274193548389,churn,1
logreg_C0.1_std,linear,0.7885616307868164,0.8063602093320519,0.8423366311938809,churn,1
logreg_C0.1_quant,linear,0.7558239664698039,0.7617443573395188,0.8035729132025274,churn,1
logreg_C1_std,linear,0.7849114116974664,0.8066066846396206,0.843542151646159,churn,1
logreg_C1_quant,linear,0.7526081158315872,0.7614099916121969,0.8051005986032591,churn,1
logreg_C10_std,linear,0.7830520099066488,0.8065302581876614,0.8437499999999998,churn,1
logreg_C10_quant,linear,0.7522347113735952,0.7614271875638877,0.8054227635517127,churn,1
logreg_C100_std,linear,0.7827929129357973,0.8064729383486918,0.8437915696707683,churn,1
logreg_C100_quant,linear,0.7520899218898837,0.7614195449186919,0.8055162953109413,churn,1
rf_dNone_fsqrt,rf,0.9113431129738997,0.9056324384432698,0.9307241436647821,churn,1
rf_dNone_f0.3,rf,0.9078948371118308,0.9020241545801416,0.9354111240438975,churn,1
rf_dNone_f0.7,rf,0.8995313393027243,0.9058645837910958,0.9277207349517792,churn,1
rf_d4_fsqrt,rf,0.8951647932939607,0.89249091002887,0.914231376787496,churn,1
rf_d4_f0.3,rf,0.8993865498190132,0.8972131094293047,0.9133480212836714,churn,1
rf_d4_f0.7,rf,0.8943532101352639,0.8916511743879674,0.9119970069837048,churn,1
rf_d8_fsqrt,rf,0.9071823204419889,0.9010544939709082,0.9299862820086465,churn,1
rf_d8_f0.3,rf,0.9082568108211088,0.9023078877830406,0.932864981709345,churn,1
rf_d8_f0.7,rf,0.9013488283482568,0.9003704772258727,0.9344238443631526,churn,1
rf_d16_fsqrt,rf,0.9092474757096589,0.9049570196740794,0.929887554040572,churn,1
rf_d16_f0.3,rf,0.9081806058296819,0.899207839825442,0.93509415530429,churn,1
rf_d16_f0.7,rf,0.8977900552486189,0.9059467422269523,0.9303708014632525,churn,1
et_dNone_fsqrt,et,0.9080510573442561,0.9063441597771404,0.9242236863984036,churn,1
et_dNone_f0.5,et,0.9161706991807962,0.9046417605597472,0.9324233039574327,churn,1
et_d8_fsqrt,et,0.8992265193370165,0.8926686015296755,0.914678250748254,churn,1
et_d8_f0.5,et,0.911487902457611,0.9035880308533586,0.9362321250415696,churn,1
hgb_lr0.03_ln15_l20.0,gbdt,0.8992951038293008,0.8938551221963434,0.9354734785500499,churn,1
hgb_lr0.03_ln15_l21.0,gbdt,0.9038216803200608,0.8969523041619936,0.9365646824077154,churn,1
hgb_lr0.03_ln31_l20.0,gbdt,0.8994703753095827,0.8903930039225877,0.93430952776854,churn,1
hgb_lr0.03_ln31_l21.0,gbdt,0.9003086302152792,0.8947607756520608,0.9297992184901895,churn,1
hgb_lr0.03_ln63_l20.0,gbdt,0.9003162507144219,0.889601990144809,0.9311086631193881,churn,1
hgb_lr0.03_ln63_l21.0,gbdt,0.9003086302152792,0.8938360155833533,0.9298303957432656,churn,1
hgb_lr0.1_ln15_l20.0,gbdt,0.8946694608496856,0.8910197008286538,0.9382690389092119,churn,1
hgb_lr0.1_ln15_l21.0,gbdt,0.897450943036769,0.8971662982274797,0.9341536415031593,churn,1
hgb_lr0.1_ln31_l20.0,gbdt,0.8997828157744331,0.8969351082103026,0.9332287163285666,churn,1
hgb_lr0.1_ln31_l21.0,gbdt,0.9037607163269193,0.8944149459569452,0.9355981875623545,churn,1
hgb_lr0.1_ln63_l20.0,gbdt,0.9052086111640312,0.891854659816309,0.9339665779847025,churn,1
hgb_lr0.1_ln63_l21.0,gbdt,0.9037607163269193,0.8952728328801881,0.9370011639507814,churn,1
hgb_lr0.3_ln15_l20.0,gbdt,0.9020689655172414,0.8832700585999819,0.9246185982707017,churn,1
hgb_lr0.3_ln15_l21.0,gbdt,0.9056582206134502,0.8989298386064399,0.9391523944130362,churn,1
hgb_lr0.3_ln31_l20.0,gbdt,0.8969403695942084,0.8899535518238216,0.9285625207848353,churn,1
hgb_lr0.3_ln31_l21.0,gbdt,0.8877881501238332,0.8883944522038523,0.9349434652477553,churn,1
hgb_lr0.3_ln63_l20.0,gbdt,0.8964526576490759,0.8896153647739019,0.9344030595277686,churn,1
hgb_lr0.3_ln63_l21.0,gbdt,0.8877881501238332,0.8974700933740176,0.9316282840039908,churn,1
knn1_std,knn,0.651686035435321,0.670671731192883,0.6742392750249419,churn,1
knn1_quant,knn,0.646161173556868,0.6281919985326121,0.6261847356168938,churn,1
knn5_std,knn,0.8090302914840921,0.8221814402182739,0.8422119221815764,churn,1
knn5_quant,knn,0.7631434558963612,0.7666929701038826,0.7583607000332557,churn,1
knn15_std,knn,0.8483863593065346,0.8535334814732727,0.8729578899235118,churn,1
knn15_quant,knn,0.7978357782434748,0.7944357721651041,0.8236406717658796,churn,1
knn31_std,knn,0.8565212421413603,0.8642503806992637,0.8836828649817093,churn,1
knn31_quant,knn,0.7700209563726425,0.7748591364957325,0.8288264881942135,churn,1
svc_C0.1,svm,0.8873842636692704,0.8793742202113574,0.9187001163950781,churn,1
svc_C1,svm,0.8882758620689656,0.8830923670991768,0.9237612238111074,churn,1
svc_C10,svm,0.8804686606972756,0.864653530233349,0.9092118390422349,churn,1
"mlp_(64,)_a0.0001",mlp,0.8511716517431892,0.8565723882693037,0.9070190389092119,churn,1
"mlp_(64,)_a0.01",mlp,0.8522690036197371,0.8572697796434323,0.9087753574991685,churn,1
"mlp_(128, 64)_a0.0001",mlp,0.8621451705086682,0.8526689072354833,0.8994845360824743,churn,1
"mlp_(128, 64)_a0.01",mlp,0.8634101733663555,0.852804564187711,0.8976242933155969,churn,1
gaussiannb,nb,0.8294151266907983,0.8278723448972924,0.8446957100099768,churn,1
dt_d3,tree,0.8099523718803583,0.8179779853605131,0.8256464083804457,churn,1
dt_d6,tree,0.743657839588493,0.7870730388494762,0.8368494346524776,churn,1
dt_dNone,tree,0.8294722804343684,0.8005584862976924,0.8184236780844695,churn,1
logreg_C0.01_std,linear,0.8176585111601667,0.8107661942875048,0.8299800465580313,churn,2
logreg_C0.01_quant,linear,0.7927704194260485,0.7766169448907961,0.7857083471898902,churn,2
logreg_C0.1_std,linear,0.8227250429237185,0.8131468782660367,0.832546973727968,churn,2
logreg_C0.1_quant,linear,0.7867994235957813,0.7748400298827427,0.7806888094446293,churn,2
logreg_C1_std,linear,0.8235835172921265,0.8133169271216462,0.8341577984702362,churn,2
logreg_C1_quant,linear,0.7861938925680647,0.7747330328499997,0.7811252909876955,churn,2
logreg_C10_std,linear,0.8241123988226637,0.8131564315725317,0.8342513302294647,churn,2
logreg_C10_quant,linear,0.7859716090262446,0.7747005516079171,0.7812188227469238,churn,2
logreg_C100_std,linear,0.8241507235712533,0.8131315929756449,0.8343656468240772,churn,2
logreg_C100_quant,linear,0.7859869389256806,0.7746814449949272,0.7812084303292318,churn,2
rf_dNone_fsqrt,rf,0.8948330573951435,0.9115726844218053,0.9396979963418689,churn,2
rf_dNone_f0.3,rf,0.8974123129752271,0.9071590568211564,0.9385600266045893,churn,2
rf_dNone_f0.7,rf,0.8893756131959775,0.913204389171136,0.9325687978051215,churn,2
rf_d4_fsqrt,rf,0.87936902133922,0.8895924368383141,0.9335820585300963,churn,2
rf_d4_f0.3,rf,0.882419671326956,0.8896249180803968,0.938279431326904,churn,2
rf_d4_f0.7,rf,0.8713361540348294,0.889378442772828,0.9364347771865646,churn,2
rf_d8_fsqrt,rf,0.8916022810890362,0.9052426635382773,0.9426234619221816,churn,2
rf_d8_f0.3,rf,0.8941010546970815,0.9115382925184233,0.9436315264383106,churn,2
rf_d8_f0.7,rf,0.8935223509933775,0.9196146578292212,0.942893664782175,churn,2
rf_d16_fsqrt,rf,0.8933000674515574,0.9124257946918007,0.9397135849684071,churn,2
rf_d16_f0.3,rf,0.8958141709590385,0.9102419088270641,0.9398382939807117,churn,2
rf_d16_f0.7,rf,0.8881453887662497,0.9132703069859509,0.9337587296308613,churn,2
et_dNone_fsqrt,et,0.8986310399803776,0.904526165551159,0.9382066844030595,churn,2
et_dNone_f0.5,et,0.8995431689968113,0.9053611245388141,0.9310359161955437,churn,2
et_d8_fsqrt,et,0.901781334314447,0.8869824735039045,0.9245094778849352,churn,2
et_d8_f0.5,et,0.9042111233750306,0.9070119359011346,0.9364191885600267,churn,2
hgb_lr0.03_ln15_l20.0,gbdt,0.8929973019376993,0.9215702196687295,0.9316074991686066,churn,2
hgb_lr0.03_ln15_l21.0,gbdt,0.8931276060829041,0.9151761916316856,0.9289054705686731,churn,2
hgb_lr0.03_ln31_l20.0,gbdt,0.8905828427765513,0.9144253017411856,0.9261306950448953,churn,2
hgb_lr0.03_ln31_l21.0,gbdt,0.8917785749325485,0.9174173973353917,0.9328026272031925,churn,2
hgb_lr0.03_ln63_l20.0,gbdt,0.8865587441746382,0.9152239581641601,0.9261722647156635,churn,2
hgb_lr0.03_ln63_l21.0,gbdt,0.8938327814569537,0.9154742547943269,0.9305059028932491,churn,2
hgb_lr0.1_ln15_l20.0,gbdt,0.8911653789551139,0.9205661671561144,0.9376454938476888,churn,2
hgb_lr0.1_ln15_l21.0,gbdt,0.8969294211429972,0.9187510389220813,0.9333118556701032,churn,2
hgb_lr0.1_ln31_l20.0,gbdt,0.8931889256806476,0.9148876817755394,0.9287080146325241,churn,2
hgb_lr0.1_ln31_l21.0,gbdt,0.892384105960265,0.918024987628468,0.9321167276355172,churn,2
hgb_lr0.1_ln63_l20.0,gbdt,0.8900079715477065,0.9186535951958332,0.9324596774193549,churn,2
hgb_lr0.1_ln63_l21.0,gbdt,0.892384105960265,0.9203044065581539,0.9387990522115066,churn,2
hgb_lr0.3_ln15_l20.0,gbdt,0.8922614667647779,0.9146889730004452,0.9323141835716662,churn,2
hgb_lr0.3_ln15_l21.0,gbdt,0.8930816163845966,0.9174842704808562,0.9290613568340538,churn,2
hgb_lr0.3_ln31_l20.0,gbdt,0.8940933897473633,0.9178969733214363,0.9252785167941471,churn,2
hgb_lr0.3_ln31_l21.0,gbdt,0.8962472406181015,0.9110816444679668,0.9347252244762222,churn,2
hgb_lr0.3_ln63_l20.0,gbdt,0.8935875030659799,0.9233786605882162,0.9367933155969405,churn,2
hgb_lr0.3_ln63_l21.0,gbdt,0.8962472406181015,0.915997775990248,0.9316490688393747,churn,2
knn1_std,knn,0.6246320824135394,0.650407257455878,0.6584428001330229,churn,2
knn1_quant,knn,0.598440949227373,0.6230752475739378,0.6379489524442966,churn,2
knn5_std,knn,0.7940083088054941,0.8151377873395761,0.833700532091786,churn,2
knn5_quant,knn,0.7368392813343144,0.7471726989428311,0.7739441303624874,churn,2
knn15_std,knn,0.8513612950699043,0.8520250143777263,0.871373046225474,churn,2
knn15_quant,knn,0.7757389011528085,0.7933008393535086,0.8379042650482209,churn,2
knn31_std,knn,0.8685959345106696,0.8646907881286793,0.8885724975058198,churn,2
knn31_quant,knn,0.8008492764287466,0.8023707485397771,0.8430641004323246,churn,2
svc_C0.1,svm,0.8856581125827815,0.88220390959515,0.9047482956434985,churn,2
svc_C1,svm,0.8872447571743929,0.8855552095135647,0.9114514050548719,churn,2
svc_C10,svm,0.8764333455972529,0.875654162662239,0.9087130029930164,churn,2
"mlp_(64,)_a0.0001",mlp,0.8637325239146433,0.8736135763949261,0.8867122547389424,churn,2
"mlp_(64,)_a0.01",mlp,0.8640314569536425,0.8739250141866602,0.8868993182573993,churn,2
"mlp_(128, 64)_a0.0001",mlp,0.8642000858474368,0.873504668700884,0.887024027269704,churn,2
"mlp_(128, 64)_a0.01",mlp,0.865587441746382,0.8713800133364159,0.888447788493515,churn,2
gaussiannb,nb,0.8369435246504783,0.8220543812418917,0.8603362986365148,churn,2
dt_d3,tree,0.8285235773853324,0.8074359116433789,0.8186055453940805,churn,2
dt_d6,tree,0.7899267230806966,0.8296291979617064,0.8787568589956768,churn,2
dt_dNone,tree,0.8067742825607064,0.809558656346548,0.8409960093116062,churn,2
logreg_C0.01_std,linear,0.6951963400686237,0.7230540038787316,0.7087490928882438,coil2000,0
logreg_C0.01_quant,linear,0.6687745528684381,0.6971004823550863,0.7207683236574745,coil2000,0
logreg_C0.1_std,linear,0.6724543751761176,0.7064367882776111,0.7180016328011611,coil2000,0
logreg_C0.1_quant,linear,0.6381093669711083,0.6762150043925808,0.7157338534107403,coil2000,0
logreg_C1_std,linear,0.6416400072933415,0.6865500008287888,0.7115384615384616,coil2000,0
logreg_C1_quant,linear,0.6110411245006547,0.6596930995043843,0.7161647314949202,coil2000,0
logreg_C10_std,linear,0.6219645609905684,0.6628880803593628,0.7078873367198839,coil2000,0
logreg_C10_quant,linear,0.5902882527474349,0.6483594125544928,0.7195437227866474,coil2000,0
logreg_C100_std,linear,0.6210031659732467,0.6564193837126424,0.7087037373004353,coil2000,0
logreg_C100_quant,linear,0.5821329708763613,0.6428603988131745,0.722877358490566,coil2000,0
rf_dNone_fsqrt,rf,0.6051650118516799,0.6652231928260042,0.6992357583454282,coil2000,0
rf_dNone_f0.3,rf,0.6069634835651179,0.6878325515092244,0.7051660014513789,coil2000,0
rf_dNone_f0.7,rf,0.6235475476139171,0.688375408178488,0.7165615928882438,coil2000,0
rf_d4_fsqrt,rf,0.6860796631802284,0.725853238077873,0.7199292452830189,coil2000,0
rf_d4_f0.3,rf,0.6816622188333968,0.7291476735898158,0.7313588534107403,coil2000,0
rf_d4_f0.7,rf,0.6953372341659898,0.7302789703127848,0.729930152394775,coil2000,0
rf_d8_fsqrt,rf,0.6544779459298181,0.7072054898970644,0.7250771044992743,coil2000,0
rf_d8_f0.3,rf,0.6547680220126306,0.7123771320592086,0.7333091436865022,coil2000,0
rf_d8_f0.7,rf,0.650234547232674,0.7113494339372441,0.7241019593613933,coil2000,0
rf_d16_fsqrt,rf,0.6132788542823517,0.6709977788459945,0.7094407656023222,coil2000,0
rf_d16_f0.3,rf,0.6079911816870824,0.6956501019410234,0.7102344883889695,coil2000,0
rf_d16_f0.7,rf,0.6202904075983358,0.6898983076132539,0.7115044448476052,coil2000,0
et_dNone_fsqrt,et,0.6211606358467736,0.6908887102388569,0.7122074564586356,coil2000,0
et_dNone_f0.5,et,0.6246001094001226,0.6810551310315105,0.7031023222060958,coil2000,0
et_d8_fsqrt,et,0.6898838038091133,0.7350548658190921,0.7425843613933236,coil2000,0
et_d8_f0.5,et,0.6974340698503207,0.7381296722969053,0.7468818033381713,coil2000,0
hgb_lr0.03_ln15_l20.0,gbdt,0.6872068159591573,0.7194736362280164,0.7213806240928883,coil2000,0
hgb_lr0.03_ln15_l21.0,gbdt,0.6716421621442424,0.7260169238674601,0.7263130442670536,coil2000,0
hgb_lr0.03_ln31_l20.0,gbdt,0.6730759667821445,0.71840242669363,0.7011520319303337,coil2000,0
hgb_lr0.03_ln31_l21.0,gbdt,0.6602711796979893,0.7009066949559912,0.7060277576197389,coil2000,0
hgb_lr0.03_ln63_l20.0,gbdt,0.6730262394536624,0.7166143148402924,0.701707637880987,coil2000,0
hgb_lr0.03_ln63_l21.0,gbdt,0.6602711796979893,0.7009149828440717,0.6914912917271407,coil2000,0
hgb_lr0.1_ln15_l20.0,gbdt,0.6856652687762105,0.7042550017404565,0.7174800435413642,coil2000,0
hgb_lr0.1_ln15_l21.0,gbdt,0.6693878565863847,0.7275211755540453,0.7094407656023223,coil2000,0
hgb_lr0.1_ln31_l20.0,gbdt,0.6706807671269207,0.7080840060335823,0.7192829281567489,coil2000,0
hgb_lr0.1_ln31_l21.0,gbdt,0.665981534585357,0.7157275108156939,0.7018437046444121,coil2000,0
hgb_lr0.1_ln63_l20.0,gbdt,0.6709459795454922,0.7095406023637056,0.696945301161103,coil2000,0
hgb_lr0.1_ln63_l21.0,gbdt,0.665981534585357,0.7149981766646223,0.6927725870827286,coil2000,0
hgb_lr0.3_ln15_l20.0,gbdt,0.6685922193306701,0.6997153110444396,0.7008005261248186,coil2000,0
hgb_lr0.3_ln15_l21.0,gbdt,0.6826567654030401,0.6996738716040378,0.6679290638606676,coil2000,0
hgb_lr0.3_ln31_l20.0,gbdt,0.676449137230851,0.6823314657958859,0.6631667271407837,coil2000,0
hgb_lr0.3_ln31_l21.0,gbdt,0.6508810025029422,0.7023301397337931,0.684665275761974,coil2000,0
hgb_lr0.3_ln63_l20.0,gbdt,0.6759518639460292,0.6632237398266174,0.6583703737300436,coil2000,0
hgb_lr0.3_ln63_l21.0,gbdt,0.6508810025029422,0.7123087569825457,0.6743922351233671,coil2000,0
knn1_std,knn,0.5419201379104577,0.5050348920088183,0.5503900580551524,coil2000,0
knn1_quant,knn,0.5249133915695603,0.5168244128031295,0.5299800435413643,coil2000,0
knn5_std,knn,0.5748976445822076,0.5981223789553946,0.6156454100145139,coil2000,0
knn5_quant,knn,0.5517910126141656,0.6014851895440004,0.6041024129172713,coil2000,0
knn15_std,knn,0.6305176614894992,0.6771183841933398,0.6847333091436865,coil2000,0
knn15_quant,knn,0.6259924745976229,0.6565892854182898,0.6806286284470247,coil2000,0
knn31_std,knn,0.6471680286429412,0.6796213263936084,0.6863887880986939,coil2000,0
knn31_quant,knn,0.6494637736412008,0.6769401945996121,0.6961402394775036,coil2000,0
svc_C0.1,svm,0.5806411510218966,0.6423962770806743,0.6695165094339622,coil2000,0
svc_C1,svm,0.5830446385652008,0.6412774121898257,0.6719203555878085,coil2000,0
svc_C10,svm,0.5961892290606507,0.6414928972799151,0.6766373367198839,coil2000,0
"mlp_(64,)_a0.0001",mlp,0.630418206832535,0.6663689933531138,0.6395818214804063,coil2000,0
"mlp_(64,)_a0.01",mlp,0.6321089360009282,0.6683788062126008,0.635409107402032,coil2000,0
"mlp_(128, 64)_a0.0001",mlp,0.6051732997397603,0.6591212352268395,0.6406023222060958,coil2000,0
"mlp_(128, 64)_a0.01",mlp,0.6063667556233321,0.6578531883505445,0.640103410740203,coil2000,0
gaussiannb,nb,0.4901622768486134,0.506731837093272,0.5400943396226415,coil2000,0
dt_d3,tree,0.729218120638499,0.7080985098377232,0.7098603047895499,coil2000,0
dt_d6,tree,0.702837772878715,0.6595542773790382,0.7373457910014514,coil2000,0
dt_dNone,tree,0.5509539359180494,0.5471311475409836,0.5529072931785196,coil2000,0
logreg_C0.01_std,linear,0.7141756037726467,0.7161087536673906,0.7415978773584905,coil2000,1
logreg_C0.01_quant,linear,0.7138772398017537,0.7018618740572526,0.71136837808418,coil2000,1
logreg_C0.1_std,linear,0.6996883754081784,0.7091842231762503,0.7462468251088534,coil2000,1
logreg_C0.1_quant,linear,0.7032355915065722,0.6922106283876742,0.6978977685050798,coil2000,1
logreg_C1_std,linear,0.6832783570090669,0.6998976445822075,0.7412803882438317,coil2000,1
logreg_C1_quant,linear,0.693356428914784,0.6829944968423146,0.6879195391872278,coil2000,1
logreg_C10_std,linear,0.662293424389597,0.6941085547580766,0.732413370827286,coil2000,1
logreg_C10_quant,linear,0.6871570886306753,0.680835501997381,0.6824995464441219,coil2000,1
logreg_C100_std,linear,0.6550332344312022,0.6949331996220723,0.7299868468795355,coil2000,1
logreg_C100_quant,linear,0.6802284141954946,0.6699825125561504,0.6827490021770684,coil2000,1
rf_dNone_fsqrt,rf,0.6507318205174958,0.6251098145170647,0.7488661103047897,coil2000,1
rf_dNone_f0.3,rf,0.6565830695022294,0.6293594291302691,0.7383776306240929,coil2000,1
rf_dNone_f0.7,rf,0.641399658539011,0.6278779691359049,0.740123820754717,coil2000,1
rf_d4_fsqrt,rf,0.7074624144275555,0.6814384458552272,0.7585268505079825,coil2000,1
rf_d4_f0.3,rf,0.7004591489996519,0.68334880405775,0.7747754898403484,coil2000,1
rf_d4_f0.7,rf,0.6919392000530424,0.6792400835419118,0.7794130986937591,coil2000,1
rf_d8_fsqrt,rf,0.6777586235475477,0.6672993087901342,0.7607039187227866,coil2000,1
rf_d8_f0.3,rf,0.6903727892058545,0.6588228712559465,0.766713534107402,coil2000,1
rf_d8_f0.7,rf,0.6712940708448673,0.6435337897197037,0.7569053882438316,coil2000,1
rf_d16_fsqrt,rf,0.6539309453165144,0.628043726897512,0.7461447750362844,coil2000,1
rf_d16_f0.3,rf,0.6538646422118716,0.6278613933597441,0.7388765420899854,coil2000,1
rf_d16_f0.7,rf,0.6480548326675397,0.6292268229209833,0.7379013969521044,coil2000,1
et_dNone_fsqrt,et,0.6714598286064745,0.6235786271942183,0.7816468613933236,coil2000,1
et_dNone_f0.5,et,0.6428831905053956,0.6113664241078088,0.8063203011611031,coil2000,1
et_d8_fsqrt,et,0.7173913043478262,0.6910316763082431,0.7818282837445574,coil2000,1
et_d8_f0.5,et,0.709849326194699,0.6627969135904789,0.7950380986937591,coil2000,1
hgb_lr0.03_ln15_l20.0,gbdt,0.6825075834175935,0.6499092476255202,0.7855247641509434,coil2000,1
hgb_lr0.03_ln15_l21.0,gbdt,0.6934310199075071,0.6539703127848961,0.7820437227866472,coil2000,1
hgb_lr0.03_ln31_l20.0,gbdt,0.6805682176067894,0.6324300916640422,0.7660785558780845,coil2000,1
hgb_lr0.03_ln31_l21.0,gbdt,0.6922790034643372,0.6418161249150491,0.7831549346879535,coil2000,1
hgb_lr0.03_ln63_l20.0,gbdt,0.6804356113975037,0.6226151602048766,0.7819076560232221,coil2000,1
hgb_lr0.03_ln63_l21.0,gbdt,0.6922790034643372,0.6418161249150491,0.7882120827285921,coil2000,1
hgb_lr0.1_ln15_l20.0,gbdt,0.6838750849508528,0.6658779359843525,0.7718954100145139,coil2000,1
hgb_lr0.1_ln15_l21.0,gbdt,0.6881267715360772,0.6501123008834889,0.7726891328011611,coil2000,1
hgb_lr0.1_ln31_l20.0,gbdt,0.6705647366937957,0.6313816738218767,0.7629716981132076,coil2000,1
hgb_lr0.1_ln31_l21.0,gbdt,0.6704818578129922,0.630463790216977,0.7801387880986937,coil2000,1
hgb_lr0.1_ln63_l20.0,gbdt,0.6705813124699564,0.6311765485918878,0.7779503809869376,coil2000,1
hgb_lr0.1_ln63_l21.0,gbdt,0.6704818578129922,0.6416317194052612,0.7644003991291727,coil2000,1
hgb_lr0.3_ln15_l20.0,gbdt,0.6559117505677203,0.6372474266107511,0.7240792815674891,coil2000,1
hgb_lr0.3_ln15_l21.0,gbdt,0.6629730312121864,0.653642941205722,0.727537645137881,coil2000,1
hgb_lr0.3_ln31_l20.0,gbdt,0.663006182764508,0.6224949858277113,0.7469498367198839,coil2000,1
hgb_lr0.3_ln31_l21.0,gbdt,0.681827976595004,0.6414452419234531,0.7633912373004353,coil2000,1
hgb_lr0.3_ln63_l20.0,gbdt,0.6437202672015118,0.6296059938006596,0.7424936502177069,coil2000,1
hgb_lr0.3_ln63_l21.0,gbdt,0.681827976595004,0.6457010724527176,0.762801614658926,coil2000,1
knn1_std,knn,0.5151999867393791,0.48378474697077695,0.5460812772133526,coil2000,1
knn1_quant,knn,0.541306834192511,0.5137371744931957,0.5708000725689405,coil2000,1
knn5_std,knn,0.5622503273715792,0.5889746224866979,0.6265534288824384,coil2000,1
knn5_quant,knn,0.5524954831009962,0.573936249564886,0.6026283563134978,coil2000,1
knn15_std,knn,0.6513699878996834,0.5935267450148353,0.7443078737300436,coil2000,1
knn15_quant,knn,0.6257935652836945,0.6338017371413417,0.6530637699564585,coil2000,1
knn31_std,knn,0.6790598219761639,0.6486888561056872,0.7105292997097242,coil2000,1
knn31_quant,knn,0.6204644532480234,0.6502449070927745,0.7079440312046443,coil2000,1
svc_C0.1,svm,0.6215004392580683,0.5821972020089841,0.722117652394775,coil2000,1
svc_C1,svm,0.6220308640952112,0.5820521639675778,0.723092797532656,coil2000,1
svc_C10,svm,0.6688242801969202,0.6179055678032124,0.7212105406386067,coil2000,1
"mlp_(64,)_a0.0001",mlp,0.6668849143861161,0.648384276218734,0.6687114477503628,coil2000,1
"mlp_(64,)_a0.01",mlp,0.6647632150375441,0.6482516700094482,0.6687568033381712,coil2000,1
"mlp_(128, 64)_a0.0001",mlp,0.6899749705779973,0.6515253858011902,0.6788937772133526,coil2000,1
"mlp_(128, 64)_a0.01",mlp,0.6878035439009431,0.6501495963798505,0.6775104317851959,coil2000,1
gaussiannb,nb,0.5351737970130451,0.5293287639443717,0.5092298621190131,coil2000,1
dt_d3,tree,0.5951283793863648,0.6845774834656633,0.7572342162554427,coil2000,1
dt_d6,tree,0.6241359876676226,0.6470727179300171,0.7255646770682148,coil2000,1
dt_dNone,tree,0.5451441263737175,0.5317633310679772,0.5635545174165457,coil2000,1
logreg_C0.01_std,linear,0.7187753816572461,0.6988616585721625,0.70899854862119,coil2000,2
logreg_C0.01_quant,linear,0.6957847801223292,0.6947301463641035,0.6691536647314948,coil2000,2
logreg_C0.1_std,linear,0.7132059208672445,0.6807319033963766,0.7034198113207548,coil2000,2
logreg_C0.1_quant,linear,0.6793913374993783,0.6702394370866417,0.6420763788098693,coil2000,2
logreg_C1_std,linear,0.7068739743738499,0.6722948333305707,0.6868196661828738,coil2000,2
logreg_C1_quant,linear,0.6728604816920551,0.6628052014785593,0.6256803338171263,coil2000,2
logreg_C10_std,linear,0.6957682043461684,0.6654241741119529,0.6730542452830188,coil2000,2
logreg_C10_quant,linear,0.6684015979048219,0.6599210164265942,0.6283109579100145,coil2000,2
logreg_C100_std,linear,0.6900164100183991,0.6625814285003895,0.6720337445573294,coil2000,2
logreg_C100_quant,linear,0.6565830695022294,0.659386447645411,0.6375408200290276,coil2000,2
rf_dNone_fsqrt,rf,0.6894942730693365,0.6739441230585622,0.677510431785196,coil2000,2
rf_dNone_f0.3,rf,0.6880107411029521,0.6794016973594789,0.6799369557329463,coil2000,2
rf_dNone_f0.7,rf,0.6810240514512091,0.6799611298049031,0.680220428156749,coil2000,2
rf_d4_fsqrt,rf,0.7008403918513484,0.7205593495665434,0.7182510885341074,coil2000,2
rf_d4_f0.3,rf,0.7005917552089377,0.7196974092061861,0.733388515965167,coil2000,2
rf_d4_f0.7,rf,0.6981136766729102,0.7195130036963981,0.7310753809869377,coil2000,2
rf_d8_fsqrt,rf,0.695320658389829,0.701501350925757,0.6990089804063861,coil2000,2
rf_d8_f0.3,rf,0.6972600242006333,0.6938723499477863,0.7058803519593615,coil2000,2
rf_d8_f0.7,rf,0.6848116163039335,0.7044062556979231,0.692273675616836,coil2000,2
rf_d16_fsqrt,rf,0.6891378938818811,0.6652791360705465,0.6896317126269956,coil2000,2
rf_d16_f0.3,rf,0.6912844568946941,0.6752328896550581,0.6708431603773586,coil2000,2
rf_d16_f0.7,rf,0.6821346284539774,0.6829696331780736,0.6753333635703918,coil2000,2
et_dNone_fsqrt,et,0.7026637272290275,0.6751769464105157,0.6568849782293178,coil2000,2
et_dNone_f0.5,et,0.6742114074491539,0.6540324719454989,0.6608649310595065,coil2000,2
et_d8_fsqrt,et,0.7195875946891214,0.7252606540801273,0.7092933599419448,coil2000,2
et_d8_f0.5,et,0.6980142220159459,0.7109267516451457,0.7194643505079826,coil2000,2
hgb_lr0.03_ln15_l20.0,gbdt,0.6781895937277265,0.7313004525186891,0.7342616110304789,coil2000,2
hgb_lr0.03_ln15_l21.0,gbdt,0.6986441015100532,0.7224034046644233,0.7171058599419449,coil2000,2
hgb_lr0.03_ln31_l20.0,gbdt,0.6789686552072801,0.7269430953604403,0.7258368105950652,coil2000,2
hgb_lr0.03_ln31_l21.0,gbdt,0.684132009481344,0.7149857448325018,0.6975462626995645,coil2000,2
hgb_lr0.03_ln63_l20.0,gbdt,0.6789686552072801,0.7273657776525386,0.7002675979680697,coil2000,2
hgb_lr0.03_ln63_l21.0,gbdt,0.684132009481344,0.7141238044721443,0.6976142960812771,coil2000,2
hgb_lr0.1_ln15_l20.0,gbdt,0.6788194732218336,0.6994728903180891,0.7433440674891147,coil2000,2
hgb_lr0.1_ln15_l21.0,gbdt,0.7105372209053689,0.7257993668053507,0.7107900943396226,coil2000,2
hgb_lr0.1_ln31_l20.0,gbdt,0.6828308110527276,0.708856851597076,0.7441831458635705,coil2000,2
hgb_lr0.1_ln31_l21.0,gbdt,0.7020918629514827,0.7161957764922342,0.7242380261248186,coil2000,2
hgb_lr0.1_ln63_l20.0,gbdt,0.6855823898954069,0.7129759319730147,0.7275036284470247,coil2000,2
hgb_lr0.1_ln63_l21.0,gbdt,0.7020918629514827,0.7108480167083824,0.7037259615384617,coil2000,2
hgb_lr0.3_ln15_l20.0,gbdt,0.6567073878234349,0.68634694757082,0.7096221879535558,coil2000,2
hgb_lr0.3_ln15_l21.0,gbdt,0.6997381027366607,0.7006000430970181,0.6569870283018868,coil2000,2
hgb_lr0.3_ln31_l20.0,gbdt,0.6851182681629068,0.7238537850784862,0.6857197931785196,coil2000,2
hgb_lr0.3_ln31_l21.0,gbdt,0.674310862106118,0.6845671236055628,0.694552793904209,coil2000,2
hgb_lr0.3_ln63_l20.0,gbdt,0.6857149961046927,0.7226748329990553,0.7122187953555879,coil2000,2
hgb_lr0.3_ln63_l21.0,gbdt,0.674310862106118,0.7048082182698204,0.7095881712626996,coil2000,2
knn1_std,knn,0.4932453712145072,0.5338684546403886,0.5570573294629898,coil2000,2
knn1_quant,knn,0.5265378176333106,0.5111016260836413,0.570210449927431,coil2000,2
knn5_std,knn,0.5728671120025195,0.6151332692403322,0.5736121190130625,coil2000,2
knn5_quant,knn,0.5777238144176101,0.5991956604618011,0.5890556966618287,coil2000,2
knn15_std,knn,0.6569477365777653,0.6524577732102306,0.6308168541364296,coil2000,2
knn15_quant,knn,0.5949046064081951,0.652511644482753,0.6334474782293178,coil2000,2
knn31_std,knn,0.6844303734522368,0.6864546901158647,0.6469974600870827,coil2000,2
knn31_quant,knn,0.6815379005121915,0.6732997397603143,0.6426319847605225,coil2000,2
svc_C0.1,svm,0.651776094415621,0.678804969417693,0.6218251088534108,coil2000,2
svc_C1,svm,0.6492234248868702,0.6807733428367784,0.6163144049346879,coil2000,2
svc_C10,svm,0.6412007492250824,0.6811048583599928,0.6282202467343977,coil2000,2
"mlp_(64,)_a0.0001",mlp,0.6165525700740937,0.6371376120936862,0.6583590348330914,coil2000,2
"mlp_(64,)_a0.01",mlp,0.6168012067165045,0.6408630177858078,0.6567489114658925,coil2000,2
"mlp_(128, 64)_a0.0001",mlp,0.6541630061827646,0.6537216761424853,0.6466119375907112,coil2000,2
"mlp_(128, 64)_a0.01",mlp,0.6501350925757099,0.6507919077060782,0.6545264876632801,coil2000,2
gaussiannb,nb,0.5187057633973711,0.49460044091564587,0.486767507256894,coil2000,2
dt_d3,tree,0.6876129224750949,0.7091531435959488,0.7274242561683599,coil2000,2
dt_d6,tree,0.6878615591175057,0.7023570753700542,0.7444099238026126,coil2000,2
dt_dNone,tree,0.5426163205092078,0.5485338725985844,0.5346289912917271,coil2000,2
logreg_C0.01_std,linear,0.8021723646723646,0.8001170436383852,0.8118643165237766,phoneme,0
logreg_C0.01_quant,linear,0.7676499200889445,0.7695836373427837,0.7810734212566045,phoneme,0
logreg_C0.1_std,linear,0.8026414078243347,0.7993125043429921,0.8114264751998391,phoneme,0
logreg_C0.1_quant,linear,0.774759398235008,0.772516242790633,0.7842152285945885,phoneme,0
logreg_C1_std,linear,0.8025415190049336,0.7991322701688557,0.8112844726082917,phoneme,0
logreg_C1_quant,linear,0.7761057258008477,0.772883225627128,0.7844814834537397,phoneme,0
logreg_C10_std,linear,0.8025154610520464,0.7991181554443749,0.8112548887350528,phoneme,0
logreg_C10_quant,linear,0.7763011604475019,0.7729201410603849,0.7844400660312052,phoneme,0
logreg_C100_std,linear,0.8025154610520464,0.799118155444375,0.8112371384111094,phoneme,0
logreg_C100_quant,linear,0.7763228754082413,0.7729244840525327,0.7844282324819093,phoneme,0
rf_dNone_fsqrt,rf,0.9310093982350082,0.9381536203182543,0.9446160309092309,phoneme,0
rf_dNone_f0.3,rf,0.9308725939823501,0.9381758781530125,0.9442817331416299,phoneme,0
rf_dNone_f0.7,rf,0.9303774928774929,0.9354262212493921,0.9415481832543443,phoneme,0
rf_d4_fsqrt,rf,0.8962111736501981,0.8933952861163227,0.8951725035648568,phoneme,0
rf_d4_f0.3,rf,0.886708706830658,0.8899116635397124,0.8908887587198467,phoneme,0
rf_d4_f0.7,rf,0.8994988187061358,0.894821959036898,0.8972640834028555,phoneme,0
rf_d8_fsqrt,rf,0.9269204711277883,0.9296608991730944,0.9338563762121991,phoneme,0
rf_d8_f0.3,rf,0.9230508651240359,0.9256501459245361,0.9308151540432279,phoneme,0
rf_d8_f0.7,rf,0.9244145646584672,0.9292380003126955,0.9338208755643123,phoneme,0
rf_d16_fsqrt,rf,0.9310702001250782,0.9384712016190675,0.944518404127542,phoneme,0
rf_d16_f0.3,rf,0.9307835626433189,0.9375846883468835,0.9451574157895049,phoneme,0
rf_d16_f0.7,rf,0.9301950872072823,0.9354533649503161,0.9399920715219718,phoneme,0
et_dNone_fsqrt,et,0.9385792335487457,0.9440769187339308,0.9521155427753223,phoneme,0
et_dNone_f0.5,et,0.9385792335487457,0.9440769187339308,0.9521155427753223,phoneme,0
et_d8_fsqrt,et,0.9044932596761864,0.9042967392814953,0.9113962996491353,phoneme,0
et_d8_f0.5,et,0.9044932596761864,0.9042967392814953,0.9113962996491353,phoneme,0
hgb_lr0.03_ln15_l20.0,gbdt,0.9137221179904106,0.9261729336043361,0.9271763376348285,phoneme,0
hgb_lr0.03_ln15_l21.0,gbdt,0.9155765756375513,0.9238906912306303,0.9270520853672247,phoneme,0
hgb_lr0.03_ln31_l20.0,gbdt,0.9211703495240081,0.9290941386977972,0.9260521504517458,phoneme,0
hgb_lr0.03_ln31_l21.0,gbdt,0.9225905079563615,0.9275540051073586,0.9221529959588429,phoneme,0
hgb_lr0.03_ln63_l20.0,gbdt,0.9216611076367174,0.9296875000000001,0.9314896663530776,phoneme,0
hgb_lr0.03_ln63_l21.0,gbdt,0.9225557640191787,0.9288004438537976,0.9354065711699239,phoneme,0
hgb_lr0.1_ln15_l20.0,gbdt,0.9141368737405323,0.9257652352164547,0.9275550112122879,phoneme,0
hgb_lr0.1_ln15_l21.0,gbdt,0.9170683934403446,0.9238146888680425,0.9273775079728538,phoneme,0
hgb_lr0.1_ln31_l20.0,gbdt,0.9179217913974012,0.9270024451045792,0.9312884960150523,phoneme,0
hgb_lr0.1_ln31_l21.0,gbdt,0.9202756931415468,0.9278884155027447,0.934495387874162,phoneme,0
hgb_lr0.1_ln63_l20.0,gbdt,0.9205536446390106,0.9290865384615385,0.9375957777896113,phoneme,0
hgb_lr0.1_ln63_l21.0,gbdt,0.9207490792856645,0.9273759424292961,0.9348918117755649,phoneme,0
hgb_lr0.3_ln15_l20.0,gbdt,0.9156960079216176,0.9215335322423738,0.9269603753601837,phoneme,0
hgb_lr0.3_ln15_l21.0,gbdt,0.911070721284136,0.9244341081231325,0.9282058564235465,phoneme,0
hgb_lr0.3_ln31_l20.0,gbdt,0.9157090368980614,0.9248857793065111,0.929667299761554,phoneme,0
hgb_lr0.3_ln31_l21.0,gbdt,0.9192746334514628,0.9247484321798346,0.9306879433883002,phoneme,0
hgb_lr0.3_ln63_l20.0,gbdt,0.9181693419498298,0.9269812730178584,0.9329688600150285,phoneme,0
hgb_lr0.3_ln63_l21.0,gbdt,0.9212658953512611,0.9270838762073517,0.9360455828318868,phoneme,0
knn1_std,knn,0.8053861788617886,0.8154054617469252,0.8291265065587448,phoneme,0
knn1_quant,knn,0.8081613508442778,0.8236006879299562,0.8203489713687275,phoneme,0
knn5_std,knn,0.8893926759780418,0.8956699282537697,0.9038849542337482,phoneme,0
knn5_quant,knn,0.8938398999374609,0.8962453747133625,0.8938944802409311,phoneme,0
knn15_std,knn,0.8866500764366618,0.8900555251546106,0.9056954872759763,phoneme,0
knn15_quant,knn,0.8980265443680077,0.8941802819470501,0.9054884001633029,phoneme,0
knn31_std,knn,0.8890799805433951,0.8846479570564936,0.8953056309944323,phoneme,0
knn31_quant,knn,0.8858531373775276,0.8851902882009589,0.9013259491985729,phoneme,0
svc_C0.1,svm,0.8570590994371483,0.8525619310680287,0.8731147676778435,phoneme,0
svc_C1,svm,0.8892841011743451,0.8938002701341116,0.904793179142186,phoneme,0
svc_C10,svm,0.9014618511569732,0.9070393388228755,0.9119051422688466,phoneme,0
"mlp_(64,)_a0.0001",mlp,0.8882721840038913,0.8972589205058717,0.9072545573956723,phoneme,0
"mlp_(64,)_a0.01",mlp,0.8883329858939615,0.8967909631019388,0.9079764039027045,phoneme,0
"mlp_(128, 64)_a0.0001",mlp,0.9059394760614273,0.9197035039260648,0.9215672352687103,phoneme,0
"mlp_(128, 64)_a0.01",mlp,0.9063216593704398,0.9201312886526303,0.9191650247617019,phoneme,0
gaussiannb,nb,0.8028194705023973,0.8048943350010422,0.813781351509665,phoneme,0
dt_d3,tree,0.8398152491140296,0.8365428045306095,0.8223281324884179,phoneme,0
dt_d6,tree,0.8598929018136335,0.8548962893475088,0.8716917833750466,phoneme,0
dt_dNone,tree,0.782285803627267,0.7879794663331249,0.7957736478690736,phoneme,0
logreg_C0.01_std,linear,0.8046174692516156,0.7971942099228685,0.8214376579039235,phoneme,1
logreg_C0.01_quant,linear,0.7674110555208117,0.7678594694600792,0.7890788173550833,phoneme,1
logreg_C0.1_std,linear,0.8053861788617886,0.7964645872420264,0.8190236138476195,phoneme,1
logreg_C0.1_quant,linear,0.7747507122507122,0.7707063008130082,0.7908242658761857,phoneme,1
logreg_C1_std,linear,0.8055859565005905,0.7961475488152316,0.8185621054250908,phoneme,1
logreg_C1_quant,linear,0.7757235424918352,0.7711286567993885,0.7908183491015377,phoneme,1
logreg_C10_std,linear,0.8056033284691821,0.7961442915711208,0.8185443551011473,phoneme,1
logreg_C10_quant,linear,0.7758494892641232,0.7711351712876103,0.7908538497494245,phoneme,1
logreg_C100_std,linear,0.8055902994927385,0.796138862830936,0.8185384383264995,phoneme,1
logreg_C100_quant,linear,0.7758712042248627,0.7711395142797581,0.7908656832987202,phoneme,1
rf_dNone_fsqrt,rf,0.936998384406921,0.9365771141685776,0.9455863819514706,phoneme,1
rf_dNone_f0.3,rf,0.9385553470919326,0.936249761135432,0.9476187940429913,phoneme,1
rf_dNone_f0.7,rf,0.93556302550205,0.9340983514001806,0.9412257190360391,phoneme,1
rf_d4_fsqrt,rf,0.9001111805989854,0.8898041744840525,0.9071066380294773,phoneme,1
rf_d4_f0.3,rf,0.8960113960113961,0.8846387281981795,0.9026098892971464,phoneme,1
rf_d4_f0.7,rf,0.8997507122507123,0.8918654671322354,0.9088727952618469,phoneme,1
rf_d8_fsqrt,rf,0.9303818358696406,0.9284198891668405,0.9362290028459687,phoneme,1
rf_d8_f0.3,rf,0.9307509902022096,0.9241637568619278,0.9365780925501891,phoneme,1
rf_d8_f0.7,rf,0.9315414147731222,0.9289920783823223,0.9369981835501832,phoneme,1
rf_d16_fsqrt,rf,0.9369245535404072,0.9363643075533321,0.9451810828880961,phoneme,1
rf_d16_f0.3,rf,0.936800778264193,0.9358062330623306,0.9492518238457853,phoneme,1
rf_d16_f0.7,rf,0.9356477138489333,0.9342351556528385,0.941051174183929,phoneme,1
et_dNone_fsqrt,et,0.9368963240914461,0.940600353519561,0.9548047168527493,phoneme,1
et_dNone_f0.5,et,0.9368963240914461,0.940600353519561,0.9548047168527493,phoneme,1
et_d8_fsqrt,et,0.9091228893058161,0.9026518310054895,0.9175438285082037,phoneme,1
et_d8_f0.5,et,0.9091228893058161,0.9026518310054895,0.9175438285082037,phoneme,1
hgb_lr0.03_ln15_l20.0,gbdt,0.9267141790007644,0.9147747507122509,0.9278656418812976,phoneme,1
hgb_lr0.03_ln15_l21.0,gbdt,0.9240475818219722,0.9170645933222153,0.9278715586559454,phoneme,1
hgb_lr0.03_ln31_l20.0,gbdt,0.9309116809116809,0.918698101243833,0.9347231836981025,phoneme,1
hgb_lr0.03_ln31_l21.0,gbdt,0.9272440240428046,0.9201720042040166,0.9321405115643362,phoneme,1
hgb_lr0.03_ln63_l20.0,gbdt,0.92859903759294,0.92244067472726,0.9369922667755353,phoneme,1
hgb_lr0.03_ln63_l21.0,gbdt,0.9272440240428046,0.9192122029393371,0.934406636254445,phoneme,1
hgb_lr0.1_ln15_l20.0,gbdt,0.9251072719060524,0.9160195608366342,0.927223671832011,phoneme,1
hgb_lr0.1_ln15_l21.0,gbdt,0.9231420679591412,0.9183414330136891,0.9285253622545279,phoneme,1
hgb_lr0.1_ln31_l20.0,gbdt,0.9296174692516156,0.9183430616357446,0.9337557910431866,phoneme,1
hgb_lr0.1_ln31_l21.0,gbdt,0.9272852824682094,0.9195303271141686,0.9332706155220666,phoneme,1
hgb_lr0.1_ln63_l20.0,gbdt,0.9318497672156209,0.9215981342505734,0.9356609924797794,phoneme,1
hgb_lr0.1_ln63_l21.0,gbdt,0.9272852824682094,0.92052161507192,0.9340752968741679,phoneme,1
hgb_lr0.3_ln15_l20.0,gbdt,0.9181345980126467,0.9146455466958516,0.930815154043228,phoneme,1
hgb_lr0.3_ln15_l21.0,gbdt,0.925789121673268,0.9170825081648253,0.9339895036417747,phoneme,1
hgb_lr0.3_ln31_l20.0,gbdt,0.9245253109582378,0.9188957073865609,0.932744022578412,phoneme,1
hgb_lr0.3_ln31_l21.0,gbdt,0.9289269335001041,0.9207756801125704,0.9335279952192461,phoneme,1
hgb_lr0.3_ln63_l20.0,gbdt,0.9214787019665068,0.9217468817316379,0.9378442823248191,phoneme,1
hgb_lr0.3_ln63_l21.0,gbdt,0.9289225905079563,0.9186410994718922,0.9377673642543978,phoneme,1
knn1_std,knn,0.7831978319783197,0.8079398582447362,0.8170119104673661,phoneme,1
knn1_quant,knn,0.7935558682509901,0.8185454450698353,0.8289223778333956,phoneme,1
knn5_std,knn,0.8903763636995343,0.894292113994858,0.9047310530083842,phoneme,1
knn5_quant,knn,0.8914447397679104,0.8972507773955944,0.906757548325257,phoneme,1
knn15_std,knn,0.8907194600792162,0.8921168178027934,0.9098372295294389,phoneme,1
knn15_quant,knn,0.8926846640261275,0.9005981385935655,0.9041512090928994,phoneme,1
knn31_std,knn,0.8763962719755403,0.8823494284622333,0.9023673015365865,phoneme,1
knn31_quant,knn,0.8780943819053575,0.8876413643944132,0.8990716580577595,phoneme,1
svc_C0.1,svm,0.8482189389201585,0.8521873479952748,0.8773630118749667,phoneme,1
svc_C1,svm,0.8895403377110694,0.8958930494753665,0.9156918780434409,phoneme,1
svc_C10,svm,0.9050187617260789,0.9084290963101939,0.9191236073391672,phoneme,1
"mlp_(64,)_a0.0001",mlp,0.8974315544437497,0.8997257400458621,0.9052369372407713,phoneme,1
"mlp_(64,)_a0.01",mlp,0.8973403516086441,0.8998603728024459,0.9056215275928786,phoneme,1
"mlp_(128, 64)_a0.0001",mlp,0.9144169967340698,0.9134973681467583,0.9180349208039713,phoneme,1
"mlp_(128, 64)_a0.01",mlp,0.9130836981446736,0.9132802185393649,0.9210761429729426,phoneme,1
gaussiannb,nb,0.8137116948092556,0.8067867938294767,0.8259639905094934,phoneme,1
dt_d3,tree,0.8257982419567786,0.8239959002154124,0.8532136961499548,phoneme,1
dt_d6,tree,0.8633151796261552,0.862906395490237,0.8711415233328009,phoneme,1
dt_dNone,tree,0.7769830102147175,0.7891846466541588,0.8142961109040241,phoneme,1
logreg_C0.01_std,linear,0.8121047877145439,0.8105434820373845,0.7917591162705387,phoneme,2
logreg_C0.01_quant,linear,0.7797885831422416,0.7789178132165937,0.765121796806125,phoneme,2
logreg_C0.1_std,linear,0.8115662566882078,0.810024494475714,0.7909840187916763,phoneme,2
logreg_C0.1_quant,linear,0.7838319088319088,0.7812586859842958,0.76696783049624,phoneme,2
logreg_C1_std,linear,0.8112101313320825,0.8098529462858732,0.7907710149043554,phoneme,2
logreg_C1_quant,linear,0.7843356959210619,0.7814269769300258,0.7671985847075042,phoneme,2
logreg_C10_std,linear,0.8112275033006741,0.809858375026058,0.7907473478057643,phoneme,2
logreg_C10_quant,linear,0.7843009519838787,0.781451949134876,0.7671985847075043,phoneme,2
logreg_C100_std,linear,0.8112231603085263,0.8098518605378362,0.7907295974818208,phoneme,2
logreg_C100_quant,linear,0.7843226669446183,0.7814638923632826,0.7671926679328566,phoneme,2
rf_dNone_fsqrt,rf,0.9374956570078522,0.9348784613647418,0.9454059203247126,phoneme,2
rf_dNone_f0.3,rf,0.9365858001528733,0.9357307735737613,0.9427877475430593,phoneme,2
rf_dNone_f0.7,rf,0.9331114064345771,0.9340570929747758,0.9418499387613823,phoneme,2
rf_d4_fsqrt,rf,0.8946563824612604,0.890388306927941,0.890699421931117,phoneme,2
rf_d4_f0.3,rf,0.8930103884372177,0.8863482384823848,0.8799249752974658,phoneme,2
rf_d4_f0.7,rf,0.8956943575846015,0.8931797651309845,0.8975924643958084,phoneme,2
rf_d8_fsqrt,rf,0.9299605656312974,0.9290865384615384,0.931383164409417,phoneme,2
rf_d8_f0.3,rf,0.9284318323952471,0.9241746143422973,0.9265964937193437,phoneme,2
rf_d8_f0.7,rf,0.9305012681537073,0.9295897826766729,0.9331700303530539,phoneme,2
rf_d16_fsqrt,rf,0.9375043429921478,0.934991922034605,0.9448497435078189,phoneme,2
rf_d16_f0.3,rf,0.9366183725939823,0.9353187321937322,0.9436900556768495,phoneme,2
rf_d16_f0.7,rf,0.9334631887985547,0.9341716393926759,0.9416990610078633,phoneme,2
et_dNone_fsqrt,et,0.9399451045792508,0.9405259797790286,0.945663300021892,phoneme,2
et_dNone_f0.5,et,0.9399451045792508,0.9405259797790286,0.945663300021892,phoneme,2
et_d8_fsqrt,et,0.9133920505871725,0.9078721075672296,0.90044434977605,phoneme,2
et_d8_f0.5,et,0.9133920505871725,0.9078721075672296,0.90044434977605,phoneme,2
hgb_lr0.03_ln15_l20.0,gbdt,0.9239628934750886,0.9202333489681052,0.9231174302264351,phoneme,2
hgb_lr0.03_ln15_l21.0,gbdt,0.9203907824334653,0.9193316352234034,0.9201620012898568,phoneme,2
hgb_lr0.03_ln31_l20.0,gbdt,0.9254438537975123,0.9218657711416859,0.9323653490009526,phoneme,2
hgb_lr0.03_ln31_l21.0,gbdt,0.9261647904940589,0.9240236953651587,0.9291821242404339,phoneme,2
hgb_lr0.03_ln63_l20.0,gbdt,0.9259150684455563,0.9244992530053505,0.9382052055783351,phoneme,2
hgb_lr0.03_ln63_l21.0,gbdt,0.9261647904940589,0.9222778125217149,0.93781469845158,phoneme,2
hgb_lr0.1_ln15_l20.0,gbdt,0.9219672885831423,0.9208250816482524,0.9269159995503251,phoneme,2
hgb_lr0.1_ln15_l21.0,gbdt,0.9218435133069278,0.920670905427003,0.9228511753672838,phoneme,2
hgb_lr0.1_ln31_l20.0,gbdt,0.9246404002501564,0.9249319235980822,0.9294779629728243,phoneme,2
hgb_lr0.1_ln31_l21.0,gbdt,0.9258043221457857,0.9236219685914807,0.9356876179656944,phoneme,2
hgb_lr0.1_ln63_l20.0,gbdt,0.9247945764714058,0.9268851843165867,0.9376549455360893,phoneme,2
hgb_lr0.1_ln63_l21.0,gbdt,0.9263124522270864,0.9270095024668196,0.9403470780008402,phoneme,2
hgb_lr0.3_ln15_l20.0,gbdt,0.9222191821277188,0.9214846735807102,0.9218926578743396,phoneme,2
hgb_lr0.3_ln15_l21.0,gbdt,0.922946633312487,0.9184082065179626,0.9230789711912242,phoneme,2
hgb_lr0.3_ln31_l20.0,gbdt,0.9203842679452435,0.9219998610242512,0.92930045973339,phoneme,2
hgb_lr0.3_ln31_l21.0,gbdt,0.9244493085956501,0.9236643127649224,0.9374123577755293,phoneme,2
hgb_lr0.3_ln63_l20.0,gbdt,0.9201410603849629,0.922675196303245,0.9400098218459153,phoneme,2
hgb_lr0.3_ln63_l21.0,gbdt,0.9240627822944897,0.9257695782086026,0.9404594967191484,phoneme,2
knn1_std,knn,0.7944157806962685,0.8102850740045864,0.8170740366011681,phoneme,2
knn1_quant,knn,0.790350740045862,0.8078225974567438,0.8444894119317679,phoneme,2
knn5_std,knn,0.8972578347578349,0.896345806406782,0.8953204229310519,phoneme,2
knn5_quant,knn,0.885540441942881,0.8885707647140574,0.898243309607067,phoneme,2
knn15_std,knn,0.8933491418247517,0.894270941908137,0.8950630432338723,phoneme,2
knn15_quant,knn,0.9026778889583768,0.8984288140157042,0.8932229263184053,phoneme,2
knn31_std,knn,0.8877879403794037,0.8902460739350982,0.8842885966002212,phoneme,2
knn31_quant,knn,0.8928931276492252,0.8921412471336252,0.8845518930720486,phoneme,2
svc_C0.1,svm,0.8633347230908206,0.8594401448822182,0.8583642484808681,phoneme,2
svc_C1,svm,0.8977920227920229,0.8991665798068237,0.8890841424522664,phoneme,2
svc_C10,svm,0.9071229414217219,0.9061446824404141,0.9013081988746294,phoneme,2
"mlp_(64,)_a0.0001",mlp,0.9013619623375722,0.9000112917795845,0.9027282247901024,phoneme,2
"mlp_(64,)_a0.01",mlp,0.9007843443819054,0.8996573379195331,0.902953062226719,phoneme,2
"mlp_(128, 64)_a0.0001",mlp,0.9204450698353137,0.9146406608296852,0.9182183408180532,phoneme,2
"mlp_(128, 64)_a0.01",mlp,0.9217740254325621,0.9159272722534917,0.9176976646490466,phoneme,2
gaussiannb,nb,0.8199742894864845,0.814909274894031,0.7988119116507211,phoneme,2
dt_d3,tree,0.811690031964422,0.8367078382322285,0.8341380146854347,phoneme,2
dt_d6,tree,0.8601882252796887,0.8693752822944896,0.8788747477974805,phoneme,2
dt_dNone,tree,0.7628074838440692,0.7948848238482386,0.8348066102206366,phoneme,2
logreg_C0.01_std,linear,0.8286881373829438,0.8304807037136586,0.8234238907259721,magic,0
logreg_C0.01_quant,linear,0.843884101004728,0.8479703962604549,0.8343869545484018,magic,0
logreg_C0.1_std,linear,0.8312644645487061,0.8339272661271846,0.8244288832695759,magic,0
logreg_C0.1_quant,linear,0.8489375131495899,0.8566646598912373,0.8405736021958546,magic,0
logreg_C1_std,linear,0.8314986761092299,0.8337507227862904,0.8228943785255788,magic,0
logreg_C1_quant,linear,0.8483460297170803,0.857335127860027,0.8412057749248958,magic,0
logreg_C10_std,linear,0.8314192823598998,0.8334591287288582,0.8225809937539172,magic,0
logreg_C10_quant,linear,0.8481276969064224,0.8573381033095926,0.841281419524952,magic,0
logreg_C100_std,linear,0.831320040173237,0.8334561532792926,0.8225269618967342,magic,0
logreg_C100_quant,linear,0.8480641819069584,0.8573500051078552,0.8413192418249801,magic,0
rf_dNone_fsqrt,rf,0.9145504924397302,0.9087256050328739,0.9198950701333506,magic,0
rf_dNone_f0.3,rf,0.9145504924397302,0.9087256050328739,0.9198950701333506,magic,0
rf_dNone_f0.7,rf,0.9108805163769456,0.9046903995136132,0.9139704769932353,magic,0
rf_d4_fsqrt,rf,0.8840970350404312,0.8809671401268137,0.8820268430266485,magic,0
rf_d4_f0.3,rf,0.8840970350404312,0.8809671401268137,0.8820268430266485,magic,0
rf_d4_f0.7,rf,0.8797958786704723,0.8769676400023407,0.8812920097689597,magic,0
rf_d8_fsqrt,rf,0.9074189489061526,0.9038890117639357,0.9125440359636041,magic,0
rf_d8_f0.3,rf,0.9074189489061526,0.9038890117639357,0.9125440359636041,magic,0
rf_d8_f0.7,rf,0.9032984133159196,0.9022614408515339,0.9139272515074888,magic,0
rf_d16_fsqrt,rf,0.9145882044706619,0.9088917343002882,0.9216700166418121,magic,0
rf_d16_f0.3,rf,0.9145882044706619,0.9088917343002882,0.9216700166418121,magic,0
rf_d16_f0.7,rf,0.9110909098126704,0.9041895321700648,0.9129870971925047,magic,0
et_dNone_fsqrt,et,0.9158664438348769,0.9092790386520816,0.9210729646199399,magic,0
et_dNone_f0.5,et,0.9168370324204376,0.9084379782415292,0.9214268732844886,magic,0
et_d8_fsqrt,et,0.8911630787308116,0.8888362124113938,0.8954483563509044,magic,0
et_d8_f0.5,et,0.8949144333866595,0.8900353185863441,0.8962048023514665,magic,0
hgb_lr0.03_ln15_l20.0,gbdt,0.900374738496838,0.9079812467332044,0.9111392076768464,magic,0
hgb_lr0.03_ln15_l21.0,gbdt,0.9007300255250904,0.9075845201244531,0.9111446108625646,magic,0
hgb_lr0.03_ln31_l20.0,gbdt,0.8983164555454549,0.9022535063193591,0.9146350688365861,magic,0
hgb_lr0.03_ln31_l21.0,gbdt,0.8960715972831458,0.9022535063193591,0.9123927467634918,magic,0
hgb_lr0.03_ln63_l20.0,gbdt,0.8993565136616793,0.9006080827095635,0.9084484211891333,magic,0
hgb_lr0.03_ln63_l21.0,gbdt,0.8960715972831458,0.9014431922209847,0.9085510817177809,magic,0
hgb_lr0.1_ln15_l20.0,gbdt,0.9008014798994874,0.9050524125440986,0.9117929931487606,magic,0
hgb_lr0.1_ln15_l21.0,gbdt,0.8987372424169044,0.9068813222104417,0.909923490890229,magic,0
hgb_lr0.1_ln31_l20.0,gbdt,0.8972605186793644,0.9013658305322781,0.913154595949772,magic,0
hgb_lr0.1_ln31_l21.0,gbdt,0.9013612058322648,0.903863224534367,0.9133220947070393,magic,0
hgb_lr0.1_ln63_l20.0,gbdt,0.899848754907526,0.9030995258125207,0.9075677019170503,magic,0
hgb_lr0.1_ln63_l21.0,gbdt,0.9020241436391712,0.9030459677203394,0.9087780155179493,magic,0
hgb_lr0.3_ln15_l20.0,gbdt,0.894620676514138,0.8990142335589054,0.9031695087423546,magic,0
hgb_lr0.3_ln15_l21.0,gbdt,0.8950255846357217,0.9009572021252645,0.9059143270872506,magic,0
hgb_lr0.3_ln31_l20.0,gbdt,0.8891901440599582,0.8966576775029234,0.9090265620609913,magic,0
hgb_lr0.3_ln31_l21.0,gbdt,0.9031793226919245,0.9002867341564749,0.908788821889386,magic,0
hgb_lr0.3_ln63_l20.0,gbdt,0.8989516055400959,0.8960844075532779,0.9059305366444055,magic,0
hgb_lr0.3_ln63_l21.0,gbdt,0.908411370772779,0.9010335719974492,0.9022779830988351,magic,0
knn1_std,knn,0.7452969127740573,0.7336199021870546,0.7344388251312974,magic,0
knn1_quant,knn,0.7221357712507295,0.7481996050586609,0.7723205602022953,magic,0
knn5_std,knn,0.8320365687609413,0.8380333865277595,0.8489485400592189,magic,0
knn5_quant,knn,0.8412144861835028,0.8490693289666958,0.8596414445957337,magic,0
knn15_std,knn,0.8570455997999277,0.8541176750630548,0.8854362532148955,magic,0
knn15_quant,knn,0.8680019372074836,0.8697368016495892,0.8935410317923448,magic,0
knn31_std,knn,0.8564164043364867,0.8589755923872131,0.8772234109230803,magic,0
knn31_quant,knn,0.8771480971303128,0.874014010400188,0.894756748578962,magic,0
svc_C0.1,svm,0.8676208472106991,0.8694085103808477,0.8854605675506277,magic,0
svc_C1,svm,0.8917505924758544,0.8917571120683244,0.9080377790745423,magic,0
svc_C10,svm,0.879472349141952,0.8903145149372528,0.9110041280338887,magic,0
"mlp_(64,)_a0.0001",mlp,0.8973280033662949,0.90299340144468,0.9203840584408567,magic,0
"mlp_(64,)_a0.01",mlp,0.8974431243028237,0.9029616633159798,0.9203678488837019,magic,0
"mlp_(128, 64)_a0.0001",mlp,0.8697783723487449,0.8791828622039551,0.910609695476453,magic,0
"mlp_(128, 64)_a0.01",mlp,0.8736051510664565,0.8795161125553062,0.9150835332512048,magic,0
gaussiannb,nb,0.7647841085471341,0.7508145293185923,0.7552275821824548,magic,0
dt_d3,tree,0.8287000464453433,0.8281925829976862,0.8181044543863062,magic,0
dt_d6,tree,0.797049728274893,0.8104390672560702,0.8274087401932179,magic,0
dt_dNone,tree,0.7662211354100092,0.7609727141356668,0.778447772806847,magic,0
logreg_C0.01_std,linear,0.8144844101880928,0.8199198413887019,0.8392336121377164,magic,1
logreg_C0.01_quant,linear,0.8342611095251691,0.830924045698938,0.8606464371393373,magic,1
logreg_C0.1_std,linear,0.8177118025819139,0.8229458735969516,0.8413462577535715,magic,1
logreg_C0.1_quant,linear,0.8423890633425317,0.8409949506620871,0.8677624327303377,magic,1
logreg_C1_std,linear,0.8177792051257653,0.8224836870977564,0.8408221487388965,magic,1
logreg_C1_quant,linear,0.8418974212579694,0.842085948836153,0.8680866238734358,magic,1
logreg_C10_std,linear,0.8177157674374347,0.8223220210046903,0.8406708595387841,magic,1
logreg_C10_quant,linear,0.8416952136264153,0.8421375232952905,0.8680920270591541,magic,1
logreg_C100_std,linear,0.8176721540267073,0.8223081355733839,0.8406708595387841,magic,1
logreg_C100_quant,linear,0.8416278110825641,0.8421266133135499,0.8681190429877457,magic,1
rf_dNone_fsqrt,rf,0.9053569162939703,0.9085589798571982,0.9277404957963215,magic,1
rf_dNone_f0.3,rf,0.9053569162939703,0.9085589798571982,0.9277404957963215,magic,1
rf_dNone_f0.7,rf,0.8996316649221301,0.9070033156426326,0.9250416045300309,magic,1
rf_d4_fsqrt,rf,0.8758683033590255,0.878713237080846,0.8872301108733709,magic,1
rf_d4_f0.3,rf,0.8758683033590255,0.878713237080846,0.8872301108733709,magic,1
rf_d4_f0.7,rf,0.8766037840581089,0.8778939966337749,0.891487821219391,magic,1
rf_d8_fsqrt,rf,0.8996970850382211,0.9029160397559736,0.9171367438241588,magic,1
rf_d8_f0.3,rf,0.8996970850382211,0.9029160397559736,0.9171367438241588,magic,1
rf_d8_f0.7,rf,0.896731373108764,0.9020878729602053,0.919287211740042,magic,1
rf_d16_fsqrt,rf,0.9044529292352586,0.9088808243185477,0.9250902332014956,magic,1
rf_d16_f0.3,rf,0.9044529292352586,0.9088808243185477,0.9250902332014956,magic,1
rf_d16_f0.7,rf,0.8997347511656675,0.906106713506855,0.9245066891439192,magic,1
et_dNone_fsqrt,et,0.9053925999936562,0.9087861058407084,0.9246795910869048,magic,1
et_dNone_f0.5,et,0.903005756970216,0.908178122312797,0.9249713631156931,magic,1
et_d8_fsqrt,et,0.8873544898023917,0.8872284778294295,0.8945784434502583,magic,1
et_d8_f0.5,et,0.8886470327021283,0.8894203923427798,0.8987983314962502,magic,1
hgb_lr0.03_ln15_l20.0,gbdt,0.8754500111015955,0.8983442614983769,0.9264356264453522,magic,1
hgb_lr0.03_ln15_l21.0,gbdt,0.8823785961239573,0.8971397003325561,0.9279863407465041,magic,1
hgb_lr0.03_ln31_l20.0,gbdt,0.877301598629746,0.8936187516798892,0.926214095830902,magic,1
hgb_lr0.03_ln31_l21.0,gbdt,0.8759476004694389,0.8942188006756253,0.9265923188311829,magic,1
hgb_lr0.03_ln63_l20.0,gbdt,0.8769566561994481,0.8933241821728914,0.9210378439127711,magic,1
hgb_lr0.03_ln63_l21.0,gbdt,0.8759476004694389,0.8928659629397839,0.9233287946573299,magic,1
hgb_lr0.1_ln15_l20.0,gbdt,0.8835918419132807,0.8964369983268055,0.9263167563595498,magic,1
hgb_lr0.1_ln15_l21.0,gbdt,0.8838713642274876,0.8987494185475641,0.9314876050919622,magic,1
hgb_lr0.1_ln31_l20.0,gbdt,0.8766850635962825,0.8941057335921313,0.9286077071041086,magic,1
hgb_lr0.1_ln31_l21.0,gbdt,0.8797419672027151,0.8933172394572384,0.92625191813093,magic,1
hgb_lr0.1_ln63_l20.0,gbdt,0.8776822247597297,0.8935642017711861,0.9242473362294409,magic,1
hgb_lr0.1_ln63_l21.0,gbdt,0.8797419672027151,0.8953911278044852,0.9250632172729043,magic,1
hgb_lr0.3_ln15_l20.0,gbdt,0.8800908744885336,0.8967439655403269,0.9204651062266311,magic,1
hgb_lr0.3_ln15_l21.0,gbdt,0.8909446664763536,0.8971763975438655,0.9222373511422335,magic,1
hgb_lr0.3_ln31_l20.0,gbdt,0.882973324452057,0.8904469224429233,0.9210972789556723,magic,1
hgb_lr0.3_ln31_l21.0,gbdt,0.88507866273353,0.8938686894434026,0.921651105491798,magic,1
hgb_lr0.3_ln63_l20.0,gbdt,0.8821169156595933,0.8891129292209976,0.9243878190581167,magic,1
hgb_lr0.3_ln63_l21.0,gbdt,0.8855544453960097,0.8933693098246369,0.925025394972876,magic,1
knn1_std,knn,0.7403891902179083,0.7228681151816363,0.7395772547494003,magic,1
knn1_quant,knn,0.7517485012846132,0.7294056737855952,0.759725734292939,magic,1
knn5_std,knn,0.8268567418403273,0.8338697407689156,0.8428240290475264,magic,1
knn5_quant,knn,0.8409617153550926,0.8403096054454695,0.876947848451447,magic,1
knn15_std,knn,0.846988295746503,0.853798806051271,0.8687566189025049,magic,1
knn15_quant,knn,0.8635792336727248,0.8607940879800764,0.8961048434156779,magic,1
knn31_std,knn,0.8424088876201352,0.8507797165586745,0.8764480537725043,magic,1
knn31_quant,knn,0.8688524915152092,0.8688873107986007,0.899643930061164,magic,1
svc_C0.1,svm,0.8639935610746344,0.8714447097002631,0.8816486200263677,magic,1
svc_C1,svm,0.8927149744663305,0.8944360084939167,0.9013270224124144,magic,1
svc_C10,svm,0.8894836172169887,0.8912165720639007,0.9050660269294776,magic,1
"mlp_(64,)_a0.0001",mlp,0.8966163922986646,0.9035121214856221,0.9206380081696168,magic,1
"mlp_(64,)_a0.01",mlp,0.8965926031655407,0.9035855159082411,0.9205029285266594,magic,1
"mlp_(128, 64)_a0.0001",mlp,0.8863870650553494,0.8848074536995252,0.9060656162873632,magic,1
"mlp_(128, 64)_a0.01",mlp,0.8869143908395978,0.884005074133326,0.9062547277875035,magic,1
gaussiannb,nb,0.7450875440098963,0.7420260431182315,0.7600364174717413,magic,1
dt_d3,tree,0.7971401497129443,0.8221935807651071,0.8062525665132162,magic,1
dt_d6,tree,0.7926221968471469,0.8211447347932213,0.8567210227149927,magic,1
dt_dNone,tree,0.7608002664382909,0.7540999215473131,0.7640212669389871,magic,1
logreg_C0.01_std,linear,0.8329158545347725,0.8292131621986986,0.8100942315589272,magic,2
logreg_C0.01_quant,linear,0.8451424919316103,0.8449294868043772,0.8260390326136291,magic,2
logreg_C0.1_std,linear,0.8355358482626664,0.8327440290165841,0.8174425641358144,magic,2
logreg_C0.1_quant,linear,0.856452131523685,0.8552999203571333,0.8380341049082538,magic,2
logreg_C1_std,linear,0.8339995792131286,0.83284221885225,0.8187555382653613,magic,2
logreg_C1_quant,linear,0.8572182812047207,0.8558107058659006,0.839460545937885,magic,2
logreg_C10_std,linear,0.8331738842200954,0.8326111256026525,0.8188365860511357,magic,2
logreg_C10_quant,linear,0.8571904933924552,0.8556520152223999,0.8397577211523914,magic,2
logreg_C100_std,linear,0.8330547935961002,0.8325803792904742,0.8187771510082344,magic,2
logreg_C100_quant,linear,0.8571904933924552,0.8556301952589187,0.8397793338952646,magic,2
rf_dNone_fsqrt,rf,0.9042074717457493,0.9133697858965675,0.9068814973308262,magic,2
rf_dNone_f0.3,rf,0.9042074717457493,0.9133697858965675,0.9068814973308262,magic,2
rf_dNone_f0.7,rf,0.8973915183657591,0.909690642508661,0.9083322526961898,magic,2
rf_d4_fsqrt,rf,0.8833785216089937,0.882370560505271,0.8761941040437442,magic,2
rf_d4_f0.3,rf,0.8833785216089937,0.882370560505271,0.8761941040437442,magic,2
rf_d4_f0.7,rf,0.8751672230845265,0.8782679114625227,0.8725415504981737,magic,2
rf_d8_fsqrt,rf,0.8995867555347367,0.9066621307591066,0.9023104022131448,magic,2
rf_d8_f0.3,rf,0.8995867555347367,0.9066621307591066,0.9023104022131448,magic,2
rf_d8_f0.7,rf,0.8955059168191688,0.9067990014391257,0.9040394216430007,magic,2
rf_d16_fsqrt,rf,0.9052852418929058,0.9148401538902515,0.9096155093042859,magic,2
rf_d16_f0.3,rf,0.9052852418929058,0.9148401538902515,0.9096155093042859,magic,2
rf_d16_f0.7,rf,0.8973041852414959,0.909690642508661,0.9076622576671206,magic,2
et_dNone_fsqrt,et,0.9098761854479196,0.9177813857858808,0.9036747066070155,magic,2
et_dNone_f0.5,et,0.9057576347014199,0.9151253011402916,0.9077379022671768,magic,2
et_d8_fsqrt,et,0.8918657134123831,0.8926804932501928,0.8786714646955844,magic,2
et_d8_f0.5,et,0.894525404014942,0.8966824729159704,0.8819133761265643,magic,2
hgb_lr0.03_ln15_l20.0,gbdt,0.9044853498684049,0.9106482413605342,0.9010568631264994,magic,2
hgb_lr0.03_ln15_l21.0,gbdt,0.9031237470673933,0.9098994198865163,0.9024454818561024,magic,2
hgb_lr0.03_ln31_l20.0,gbdt,0.8906470193601658,0.9024756732202596,0.8965019775659728,magic,2
hgb_lr0.03_ln31_l21.0,gbdt,0.8917466227883878,0.9042510247944212,0.8981877715100823,magic,2
hgb_lr0.03_ln63_l20.0,gbdt,0.8928422565291435,0.9042738365744245,0.8919578983768831,magic,2
hgb_lr0.03_ln63_l21.0,gbdt,0.8917466227883878,0.9050910933884518,0.8945946530074131,magic,2
hgb_lr0.1_ln15_l20.0,gbdt,0.9038462301862974,0.9101156358882858,0.9004625126974865,magic,2
hgb_lr0.1_ln15_l21.0,gbdt,0.9026394451964797,0.9144865713002021,0.9014621020553718,magic,2
hgb_lr0.1_ln31_l20.0,gbdt,0.8978797899241393,0.9100422414656668,0.8997709049255441,magic,2
hgb_lr0.1_ln31_l21.0,gbdt,0.8958393705663553,0.9075349292983591,0.9002301757115996,magic,2
hgb_lr0.1_ln63_l20.0,gbdt,0.8974232758654912,0.9021900300619586,0.8938436101925695,magic,2
hgb_lr0.1_ln63_l21.0,gbdt,0.8958393705663553,0.9094213643229712,0.8916174976766301,magic,2
hgb_lr0.3_ln15_l20.0,gbdt,0.9012421152082698,0.9109854589779727,0.8986524454818561,magic,2
hgb_lr0.3_ln15_l21.0,gbdt,0.8992533017875501,0.9114426863945585,0.8970206833949297,magic,2
hgb_lr0.3_ln31_l20.0,gbdt,0.9004640564648345,0.9014491431201159,0.8932330502064019,magic,2
hgb_lr0.3_ln31_l21.0,gbdt,0.8981457589843952,0.907317721480068,0.8923145086342908,magic,2
hgb_lr0.3_ln63_l20.0,gbdt,0.9000770119368502,0.9047419739727509,0.8869545484017376,magic,2
hgb_lr0.3_ln63_l21.0,gbdt,0.8982608799209237,0.9075736101427124,0.8916715295338131,magic,2
knn1_std,knn,0.7407674993747742,0.7515489694530428,0.7364488102185048,magic,2
knn1_quant,knn,0.7472698474449107,0.7608730365752178,0.7420248978797899,magic,2
knn5_std,knn,0.8410457744661763,0.8463656371280563,0.8299941645594242,magic,2
knn5_quant,knn,0.84350102616421,0.8663194978234587,0.8337547818193607,magic,2
knn15_std,knn,0.861654406948541,0.8732488239535592,0.8500561931314703,magic,2
knn15_quant,knn,0.8677022258037626,0.8837888581315565,0.8625348505478831,magic,2
knn31_std,knn,0.8610986507032301,0.8717427505650874,0.8549622857636863,magic,2
knn31_quant,knn,0.8754570102695814,0.8914620466530655,0.8701479392249671,magic,2
svc_C0.1,svm,0.8719438368617238,0.8771010393245332,0.8723875597052022,magic,2
svc_C1,svm,0.8996085888158025,0.9026105602672351,0.8895426743608033,magic,2
svc_C10,svm,0.9019685680146402,0.899782891363361,0.8898236400181547,magic,2
"mlp_(64,)_a0.0001",mlp,0.9042312898705486,0.9068337150173914,0.9032721692710022,magic,2
"mlp_(64,)_a0.01",mlp,0.9041439567462853,0.9070975382122111,0.903320797942467,magic,2
"mlp_(128, 64)_a0.0001",mlp,0.8889360840621017,0.890231698257676,0.8821403099267329,magic,2
"mlp_(128, 64)_a0.01",mlp,0.8886621756269129,0.8919068763631277,0.8861332641725561,magic,2
gaussiannb,nb,0.739290775637234,0.7465531896323434,0.725518165510385,magic,2
dt_d3,tree,0.8114100726849776,0.8204023601265955,0.8116827681601072,magic,2
dt_d6,tree,0.8271856106768714,0.8225055070612379,0.8270764442715426,magic,2
dt_dNone,tree,0.775418901269903,0.7751839571693954,0.7512805550152369,magic,2
