model,score_test,score_val,fit_time,dataset,time_limit
LightGBMLarge,0.9899380804953559,0.9498207885304659,0.38633251190185547,ionosphere,300
ExtraTreesEntr,0.9880030959752322,0.967741935483871,0.7708580493927002,ionosphere,300
ExtraTrees_r49,0.9870356037151703,0.9659498207885305,0.4911766052246094,ionosphere,300
ExtraTreesGini,0.9870356037151703,0.9659498207885305,0.7311136722564697,ionosphere,300
ExtraTrees_r42,0.9866486068111455,0.9551971326164875,0.7766890525817871,ionosphere,300
ExtraTrees_r126,0.9864551083591332,0.956989247311828,0.4948279857635498,ionosphere,300
LightGBM_r15,0.9864551083591331,0.9534050179211468,0.2700662612915039,ionosphere,300
LightGBM_r121,0.9856811145510836,0.956989247311828,0.27675604820251465,ionosphere,300
LightGBM_r161,0.9852941176470589,0.960573476702509,0.3228936195373535,ionosphere,300
ExtraTrees_r197,0.9852941176470589,0.9623655913978495,1.0966496467590332,ionosphere,300
LightGBM_r131,0.9849071207430341,0.9659498207885304,0.20065808296203613,ionosphere,300
RandomForest_r166,0.9839396284829721,0.9444444444444444,1.1916944980621338,ionosphere,300
RandomForestGini,0.9839396284829721,0.9444444444444444,0.7606761455535889,ionosphere,300
CatBoost_r69,0.9829721362229102,0.967741935483871,0.6063916683197021,ionosphere,300
ExtraTrees_r172,0.9821981424148606,0.953405017921147,0.693568229675293,ionosphere,300
RandomForestEntr,0.9818111455108359,0.9560931899641577,0.7174830436706543,ionosphere,300
LightGBM_r143,0.9810371517027864,0.9623655913978495,0.2185356616973877,ionosphere,300
LightGBM_r196,0.9806501547987616,0.9659498207885304,0.5085804462432861,ionosphere,300
CatBoost_r60,0.9802631578947368,0.9641577060931898,0.70554518699646,ionosphere,300
ExtraTrees_r178,0.9802631578947368,0.953405017921147,0.5805444717407227,ionosphere,300
CatBoost_r137,0.9783281733746131,0.956989247311828,0.562922477722168,ionosphere,300
CatBoost_r5,0.9783281733746131,0.9605734767025089,0.5199875831604004,ionosphere,300
CatBoost_r6,0.9775541795665635,0.9623655913978495,0.7985475063323975,ionosphere,300
LightGBM_r188,0.9775541795665635,0.9731182795698925,0.2256314754486084,ionosphere,300
CatBoost_r49,0.9771671826625387,0.946236559139785,0.42575645446777344,ionosphere,300
CatBoost_r70,0.9771671826625387,0.960573476702509,2.547362804412842,ionosphere,300
LightGBM_r42,0.9763931888544892,0.96415770609319,0.1359694004058838,ionosphere,300
CatBoost_r50,0.9763931888544891,0.9623655913978495,0.7591276168823242,ionosphere,300
LightGBM,0.9760061919504645,0.9713261648745519,0.1344587802886963,ionosphere,300
CatBoost,0.9752321981424149,0.9426523297491038,0.9339392185211182,ionosphere,300
LightGBMXT,0.9740712074303406,0.9695340501792116,0.20423221588134766,ionosphere,300
XGBoost_r98,0.9740712074303406,0.9659498207885304,1.215684175491333,ionosphere,300
CatBoost_r12,0.9740712074303405,0.9587813620071685,1.509312391281128,ionosphere,300
CatBoost_r86,0.9736842105263158,0.9587813620071685,2.21185564994812,ionosphere,300
CatBoost_r177,0.973297213622291,0.953405017921147,0.8224050998687744,ionosphere,300
LightGBM_r30,0.973297213622291,0.9713261648745519,0.354630708694458,ionosphere,300
CatBoost_r13,0.9732972136222909,0.9659498207885304,3.287956953048706,ionosphere,300
CatBoost_r128,0.9721362229102167,0.9659498207885304,5.069973945617676,ionosphere,300
CatBoost_r9,0.9713622291021672,0.9659498207885304,5.282672166824341,ionosphere,300
CatBoost_r143,0.9705882352941176,0.956989247311828,1.2938346862792969,ionosphere,300
CatBoost_r163,0.9705882352941176,0.9551971326164875,0.5370297431945801,ionosphere,300
XGBoost_r194,0.9705882352941176,0.96415770609319,0.1975412368774414,ionosphere,300
CatBoost_r198,0.9702012383900929,0.9444444444444444,0.9382247924804688,ionosphere,300
WeightedEnsemble_L2,0.9698142414860681,0.9820788530465949,0.2995774745941162,ionosphere,300
RandomForest_r16,0.9694272445820433,0.931899641577061,1.2812647819519043,ionosphere,300
CatBoost_r167,0.9694272445820432,0.9516129032258065,1.1815800666809082,ionosphere,300
XGBoost_r34,0.9686532507739938,0.9659498207885304,0.22211050987243652,ionosphere,300
XGBoost,0.9682662538699691,0.967741935483871,0.2067728042602539,ionosphere,300
XGBoost_r22,0.968266253869969,0.9659498207885304,0.14115095138549805,ionosphere,300
XGBoost_r89,0.9678792569659442,0.967741935483871,0.15349531173706055,ionosphere,300
XGBoost_r31,0.9674922600619196,0.9659498207885304,0.5416197776794434,ionosphere,300
XGBoost_r33,0.9671052631578948,0.9641577060931901,0.4350168704986572,ionosphere,300
RandomForest_r195,0.9669117647058825,0.9336917562724014,1.2344305515289307,ionosphere,300
RandomForest_r39,0.96671826625387,0.942652329749104,0.514805793762207,ionosphere,300
XGBoost_r95,0.9663312693498453,0.9695340501792115,0.1593782901763916,ionosphere,300
LightGBM_r94,0.9659442724458204,0.9767025089605734,0.15666460990905762,ionosphere,300
XGBoost_r49,0.9659442724458204,0.960573476702509,0.30078625679016113,ionosphere,300
RandomForest_r15,0.965170278637771,0.9408602150537635,1.1497108936309814,ionosphere,300
LightGBM_r130,0.9651702786377708,0.9802867383512545,0.11353468894958496,ionosphere,300
CatBoost_r180,0.9643962848297214,0.953405017921147,4.037703037261963,ionosphere,300
LightGBM_r135,0.9640092879256966,0.978494623655914,0.14840412139892578,ionosphere,300
LightGBM_r96,0.9632352941176471,0.9695340501792116,0.3083527088165283,ionosphere,300
RandomForest_r127,0.9628482972136223,0.9408602150537635,1.0457119941711426,ionosphere,300
ExtraTrees_r4,0.9369195046439628,0.9086021505376345,0.5230660438537598,ionosphere,300
RandomForest_r34,0.8707430340557275,0.8440860215053763,0.4737429618835449,ionosphere,300
LightGBMLarge,0.9899380804953559,0.9498207885304659,0.3699185848236084,ionosphere,900
ExtraTreesEntr,0.9880030959752322,0.967741935483871,0.4691483974456787,ionosphere,900
ExtraTrees_r49,0.9870356037151703,0.9659498207885305,0.5078330039978027,ionosphere,900
ExtraTreesGini,0.9870356037151703,0.9659498207885305,0.5691454410552979,ionosphere,900
ExtraTrees_r42,0.9866486068111455,0.9551971326164875,0.4992077350616455,ionosphere,900
ExtraTrees_r126,0.9864551083591332,0.956989247311828,0.5169374942779541,ionosphere,900
LightGBM_r15,0.9864551083591331,0.9534050179211468,0.2828028202056885,ionosphere,900
LightGBM_r121,0.9856811145510836,0.956989247311828,0.26439952850341797,ionosphere,900
LightGBM_r161,0.9852941176470589,0.960573476702509,0.25439906120300293,ionosphere,900
ExtraTrees_r197,0.9852941176470589,0.9623655913978495,1.2108685970306396,ionosphere,900
LightGBM_r131,0.9849071207430341,0.9659498207885304,0.2512071132659912,ionosphere,900
RandomForestGini,0.9839396284829721,0.9444444444444444,0.46069812774658203,ionosphere,900
RandomForest_r166,0.9839396284829721,0.9444444444444444,0.8432631492614746,ionosphere,900
CatBoost_r69,0.9829721362229102,0.967741935483871,0.5949339866638184,ionosphere,900
ExtraTrees_r172,0.9821981424148606,0.953405017921147,0.4828474521636963,ionosphere,900
RandomForestEntr,0.9818111455108359,0.9560931899641577,0.4750392436981201,ionosphere,900
LightGBM_r143,0.9810371517027864,0.9623655913978495,0.21663236618041992,ionosphere,900
LightGBM_r196,0.9806501547987616,0.9659498207885304,0.49506330490112305,ionosphere,900
CatBoost_r60,0.9802631578947368,0.9641577060931898,0.6745543479919434,ionosphere,900
ExtraTrees_r178,0.9802631578947368,0.953405017921147,0.47966456413269043,ionosphere,900
CatBoost_r137,0.9783281733746131,0.956989247311828,0.5829992294311523,ionosphere,900
CatBoost_r5,0.9783281733746131,0.9605734767025089,0.43860697746276855,ionosphere,900
CatBoost_r6,0.9775541795665635,0.9623655913978495,0.712017297744751,ionosphere,900
LightGBM_r188,0.9775541795665635,0.9731182795698925,0.24297261238098145,ionosphere,900
CatBoost_r49,0.9771671826625387,0.946236559139785,0.5177562236785889,ionosphere,900
CatBoost_r70,0.9771671826625387,0.960573476702509,2.3590035438537598,ionosphere,900
LightGBM_r42,0.9763931888544892,0.96415770609319,0.1568601131439209,ionosphere,900
CatBoost_r50,0.9763931888544891,0.9623655913978495,0.7725613117218018,ionosphere,900
LightGBM,0.9760061919504645,0.9713261648745519,0.15965008735656738,ionosphere,900
CatBoost,0.9752321981424149,0.9426523297491038,0.8646895885467529,ionosphere,900
LightGBMXT,0.9740712074303406,0.9695340501792116,0.17571640014648438,ionosphere,900
XGBoost_r98,0.9740712074303406,0.9659498207885304,1.2118141651153564,ionosphere,900
CatBoost_r12,0.9740712074303405,0.9587813620071685,1.5175583362579346,ionosphere,900
CatBoost_r86,0.9736842105263158,0.9587813620071685,2.3102147579193115,ionosphere,900
CatBoost_r177,0.973297213622291,0.953405017921147,0.7733161449432373,ionosphere,900
LightGBM_r30,0.973297213622291,0.9713261648745519,0.28836989402770996,ionosphere,900
CatBoost_r13,0.9732972136222909,0.9659498207885304,3.184174060821533,ionosphere,900
CatBoost_r128,0.9721362229102167,0.9659498207885304,5.0252909660339355,ionosphere,900
CatBoost_r9,0.9713622291021672,0.9659498207885304,5.694184064865112,ionosphere,900
CatBoost_r143,0.9705882352941176,0.956989247311828,1.198455810546875,ionosphere,900
CatBoost_r163,0.9705882352941176,0.9551971326164875,0.514240026473999,ionosphere,900
XGBoost_r194,0.9705882352941176,0.96415770609319,0.17639851570129395,ionosphere,900
CatBoost_r198,0.9702012383900929,0.9444444444444444,0.8719983100891113,ionosphere,900
WeightedEnsemble_L2,0.9698142414860681,0.9820788530465949,0.35921382904052734,ionosphere,900
RandomForest_r16,0.9694272445820433,0.931899641577061,1.2956256866455078,ionosphere,900
CatBoost_r167,0.9694272445820432,0.9516129032258065,1.2424888610839844,ionosphere,900
XGBoost_r34,0.9686532507739938,0.9659498207885304,0.24980592727661133,ionosphere,900
XGBoost,0.9682662538699691,0.967741935483871,0.16179609298706055,ionosphere,900
XGBoost_r22,0.968266253869969,0.9659498207885304,0.15683746337890625,ionosphere,900
XGBoost_r89,0.9678792569659442,0.967741935483871,0.20592808723449707,ionosphere,900
XGBoost_r31,0.9674922600619196,0.9659498207885304,0.5221259593963623,ionosphere,900
XGBoost_r33,0.9671052631578948,0.9641577060931901,0.5338892936706543,ionosphere,900
RandomForest_r195,0.9669117647058825,0.9336917562724014,0.8452508449554443,ionosphere,900
RandomForest_r39,0.96671826625387,0.942652329749104,0.5522665977478027,ionosphere,900
XGBoost_r95,0.9663312693498453,0.9695340501792115,0.17325115203857422,ionosphere,900
LightGBM_r94,0.9659442724458204,0.9767025089605734,0.18496274948120117,ionosphere,900
XGBoost_r49,0.9659442724458204,0.960573476702509,0.2959291934967041,ionosphere,900
RandomForest_r15,0.965170278637771,0.9408602150537635,1.1061220169067383,ionosphere,900
LightGBM_r130,0.9651702786377708,0.9802867383512545,0.1609630584716797,ionosphere,900
CatBoost_r180,0.9643962848297214,0.953405017921147,3.7873666286468506,ionosphere,900
LightGBM_r135,0.9640092879256966,0.978494623655914,0.14496922492980957,ionosphere,900
LightGBM_r96,0.9632352941176471,0.9695340501792116,0.2826504707336426,ionosphere,900
RandomForest_r127,0.9628482972136223,0.9408602150537635,1.0802910327911377,ionosphere,900
ExtraTrees_r4,0.9369195046439628,0.9086021505376345,0.5118582248687744,ionosphere,900
RandomForest_r34,0.8707430340557275,0.8440860215053763,0.511397123336792,ionosphere,900
CatBoost_r5,0.9888438133874239,0.9857142857142858,0.790048360824585,sonar,300
CatBoost_r70,0.9888438133874239,0.9857142857142857,4.195245027542114,sonar,300
CatBoost_r50,0.9888438133874239,0.9809523809523809,1.212822675704956,sonar,300
LightGBM_r196,0.9847870182555781,0.9857142857142858,0.9578425884246826,sonar,300
CatBoost_r128,0.9837728194726166,0.9666666666666667,9.92884111404419,sonar,300
CatBoost_r180,0.9827586206896551,0.9761904761904762,10.131922483444214,sonar,300
ExtraTrees_r178,0.9827586206896551,0.9904761904761905,0.47768735885620117,sonar,300
CatBoost_r6,0.9817444219066938,0.9761904761904762,1.0138685703277588,sonar,300
CatBoost,0.9817444219066938,0.9809523809523809,3.7937657833099365,sonar,300
LightGBM_r188,0.9817444219066936,0.9904761904761905,0.21711182594299316,sonar,300
LightGBM,0.9807302231237323,0.9857142857142858,0.12821745872497559,sonar,300
CatBoost_r177,0.9807302231237323,0.9904761904761905,1.805382490158081,sonar,300
CatBoost_r49,0.9797160243407708,0.9809523809523809,0.7020797729492188,sonar,300
CatBoost_r137,0.9776876267748479,0.9904761904761905,0.9153485298156738,sonar,300
CatBoost_r198,0.9766734279918864,0.9857142857142857,3.061269760131836,sonar,300
CatBoost_r13,0.9766734279918864,0.9809523809523809,31.109093189239502,sonar,300
ExtraTrees_r42,0.9766734279918864,0.9714285714285713,0.47191739082336426,sonar,300
RandomForest_r166,0.9766734279918864,0.9761904761904762,0.5368869304656982,sonar,300
CatBoost_r12,0.9756592292089249,0.9809523809523809,12.077189922332764,sonar,300
XGBoost_r98,0.9726166328600406,0.9809523809523809,2.5353689193725586,sonar,300
CatBoost_r69,0.9716024340770791,0.9761904761904762,0.8914399147033691,sonar,300
CatBoost_r60,0.9705882352941176,0.9857142857142857,1.192551851272583,sonar,300
LightGBM_r42,0.9705882352941176,0.9809523809523809,0.1393909454345703,sonar,300
ExtraTreesEntr,0.9700811359026369,0.9761904761904762,0.4752211570739746,sonar,300
CatBoost_r163,0.9695740365111561,0.9761904761904762,1.2908077239990234,sonar,300
LightGBMXT,0.9695740365111561,0.9904761904761905,0.1719214916229248,sonar,300
WeightedEnsemble_L2,0.9695740365111561,0.9904761904761905,0.19431495666503906,sonar,300
ExtraTrees_r197,0.9690669371196754,0.9714285714285714,0.514195442199707,sonar,300
CatBoost_r9,0.9685598377281948,0.9809523809523809,16.921549558639526,sonar,300
XGBoost_r22,0.9685598377281948,0.9904761904761905,0.18418383598327637,sonar,300
ExtraTrees_r172,0.9675456389452333,0.9666666666666667,0.4470951557159424,sonar,300
LightGBM_r30,0.9665314401622719,0.9857142857142858,0.6201884746551514,sonar,300
ExtraTrees_r126,0.9665314401622719,0.9809523809523809,0.4712028503417969,sonar,300
LightGBM_r143,0.9665314401622718,0.9714285714285714,0.20984840393066406,sonar,300
CatBoost_r167,0.9655172413793104,0.9809523809523809,6.8074634075164795,sonar,300
RandomForest_r39,0.9655172413793103,0.9571428571428572,0.5003628730773926,sonar,300
LightGBM_r15,0.9645030425963489,0.9666666666666667,0.2580606937408447,sonar,300
RandomForest_r195,0.963995943204868,0.9642857142857143,0.5040907859802246,sonar,300
CatBoost_r86,0.9634888438133874,0.9809523809523809,10.834215879440308,sonar,300
RandomForest_r15,0.9634888438133874,0.9619047619047619,0.4975602626800537,sonar,300
RandomForestEntr,0.9629817444219068,0.9761904761904762,0.916600227355957,sonar,300
XGBoost_r194,0.9614604462474645,0.9809523809523809,0.2938103675842285,sonar,300
CatBoost_r143,0.9614604462474644,0.9809523809523809,4.249699115753174,sonar,300
RandomForestGini,0.960446247464503,0.9714285714285714,0.5700416564941406,sonar,300
LightGBM_r161,0.9594320486815416,0.9761904761904762,0.26317524909973145,sonar,300
XGBoost,0.9594320486815416,0.9571428571428572,0.1787583827972412,sonar,300
LightGBM_r94,0.9574036511156186,0.9714285714285714,0.18821215629577637,sonar,300
LightGBM_r121,0.9563894523326572,0.9761904761904762,0.28234171867370605,sonar,300
ExtraTrees_r49,0.9558823529411765,0.9904761904761905,0.5485432147979736,sonar,300
ExtraTreesGini,0.9558823529411765,0.9904761904761905,0.43317699432373047,sonar,300
XGBoost_r49,0.9553752535496957,0.9809523809523809,0.45750927925109863,sonar,300
XGBoost_r33,0.9543610547667344,0.9714285714285714,0.8570821285247803,sonar,300
XGBoost_r34,0.9543610547667343,0.9904761904761905,0.3272371292114258,sonar,300
RandomForest_r16,0.9533468559837728,0.9523809523809524,0.5468897819519043,sonar,300
XGBoost_r31,0.9503042596348884,0.9857142857142858,1.165100336074829,sonar,300
RandomForest_r127,0.9492900608519269,0.9666666666666667,0.5392553806304932,sonar,300
LightGBM_r131,0.947261663286004,0.9714285714285714,0.19598937034606934,sonar,300
LightGBM_r135,0.947261663286004,0.9476190476190477,0.19641423225402832,sonar,300
LightGBM_r96,0.9462474645030425,0.9476190476190477,0.6260018348693848,sonar,300
LightGBMLarge,0.9452332657200812,0.9285714285714286,0.2633213996887207,sonar,300
XGBoost_r89,0.9432048681541582,0.9666666666666667,0.2068943977355957,sonar,300
ExtraTrees_r4,0.9411764705882353,0.9809523809523809,0.48822522163391113,sonar,300
XGBoost_r95,0.9371196754563894,0.9714285714285714,0.17397093772888184,sonar,300
LightGBM_r130,0.9249492900608519,0.9238095238095237,0.1649014949798584,sonar,300
RandomForest_r34,0.8722109533468559,0.9761904761904763,0.4610929489135742,sonar,300
CatBoost_r5,0.9888438133874239,0.9857142857142858,0.761793851852417,sonar,900
CatBoost_r50,0.9888438133874239,0.9809523809523809,1.264603853225708,sonar,900
CatBoost_r70,0.9888438133874239,0.9857142857142857,4.053782224655151,sonar,900
LightGBM_r196,0.9847870182555781,0.9857142857142858,0.9632971286773682,sonar,900
CatBoost_r128,0.9837728194726166,0.9666666666666667,10.625448942184448,sonar,900
CatBoost_r180,0.9827586206896551,0.9761904761904762,10.217248678207397,sonar,900
ExtraTrees_r178,0.9827586206896551,0.9904761904761905,0.4920370578765869,sonar,900
CatBoost_r6,0.9817444219066938,0.9761904761904762,1.034292221069336,sonar,900
CatBoost,0.9817444219066938,0.9809523809523809,2.813730239868164,sonar,900
LightGBM_r188,0.9817444219066936,0.9904761904761905,0.2137928009033203,sonar,900
LightGBM,0.9807302231237323,0.9857142857142858,0.11433553695678711,sonar,900
CatBoost_r177,0.9807302231237323,0.9904761904761905,1.7567534446716309,sonar,900
CatBoost_r49,0.9797160243407708,0.9809523809523809,0.6574363708496094,sonar,900
CatBoost_r137,0.9776876267748479,0.9904761904761905,0.8806338310241699,sonar,900
CatBoost_r198,0.9766734279918864,0.9857142857142857,3.048727035522461,sonar,900
CatBoost_r13,0.9766734279918864,0.9809523809523809,31.69952702522278,sonar,900
ExtraTrees_r42,0.9766734279918864,0.9714285714285713,0.45491981506347656,sonar,900
RandomForest_r166,0.9766734279918864,0.9761904761904762,0.5352606773376465,sonar,900
CatBoost_r12,0.9756592292089249,0.9809523809523809,12.886463165283203,sonar,900
XGBoost_r98,0.9726166328600406,0.9809523809523809,2.9084365367889404,sonar,900
CatBoost_r69,0.9716024340770791,0.9761904761904762,0.8928666114807129,sonar,900
CatBoost_r60,0.9705882352941176,0.9857142857142857,1.246903896331787,sonar,900
LightGBM_r42,0.9705882352941176,0.9809523809523809,0.1771857738494873,sonar,900
ExtraTreesEntr,0.9700811359026369,0.9761904761904762,0.4434952735900879,sonar,900
CatBoost_r163,0.9695740365111561,0.9761904761904762,1.277576208114624,sonar,900
LightGBMXT,0.9695740365111561,0.9904761904761905,0.16917848587036133,sonar,900
WeightedEnsemble_L2,0.9695740365111561,0.9904761904761905,0.19312071800231934,sonar,900
ExtraTrees_r197,0.9690669371196754,0.9714285714285714,0.5383069515228271,sonar,900
CatBoost_r9,0.9685598377281948,0.9809523809523809,16.793527364730835,sonar,900
XGBoost_r22,0.9685598377281948,0.9904761904761905,0.1820383071899414,sonar,900
ExtraTrees_r172,0.9675456389452333,0.9666666666666667,0.4849050045013428,sonar,900
LightGBM_r30,0.9665314401622719,0.9857142857142858,0.8931918144226074,sonar,900
ExtraTrees_r126,0.9665314401622719,0.9809523809523809,0.5431234836578369,sonar,900
LightGBM_r143,0.9665314401622718,0.9714285714285714,0.19033217430114746,sonar,900
CatBoost_r167,0.9655172413793104,0.9809523809523809,7.436289072036743,sonar,900
RandomForest_r39,0.9655172413793103,0.9571428571428572,0.5331284999847412,sonar,900
LightGBM_r15,0.9645030425963489,0.9666666666666667,0.2930021286010742,sonar,900
RandomForest_r195,0.963995943204868,0.9642857142857143,0.5074965953826904,sonar,900
CatBoost_r86,0.9634888438133874,0.9809523809523809,11.248473167419434,sonar,900
RandomForest_r15,0.9634888438133874,0.9619047619047619,0.5145673751831055,sonar,900
RandomForestEntr,0.9629817444219068,0.9761904761904762,0.44187045097351074,sonar,900
XGBoost_r194,0.9614604462474645,0.9809523809523809,0.2785646915435791,sonar,900
CatBoost_r143,0.9614604462474644,0.9809523809523809,4.150594472885132,sonar,900
RandomForestGini,0.960446247464503,0.9714285714285714,0.44467735290527344,sonar,900
LightGBM_r161,0.9594320486815416,0.9761904761904762,0.25200390815734863,sonar,900
XGBoost,0.9594320486815416,0.9571428571428572,0.1733098030090332,sonar,900
LightGBM_r94,0.9574036511156186,0.9714285714285714,0.17331457138061523,sonar,900
LightGBM_r121,0.9563894523326572,0.9761904761904762,0.27039241790771484,sonar,900
ExtraTreesGini,0.9558823529411765,0.9904761904761905,0.4592170715332031,sonar,900
ExtraTrees_r49,0.9558823529411765,0.9904761904761905,0.4734973907470703,sonar,900
XGBoost_r49,0.9553752535496957,0.9809523809523809,0.4507789611816406,sonar,900
XGBoost_r33,0.9543610547667344,0.9714285714285714,0.9070971012115479,sonar,900
XGBoost_r34,0.9543610547667343,0.9904761904761905,0.3580794334411621,sonar,900
RandomForest_r16,0.9533468559837728,0.9523809523809524,0.5669476985931396,sonar,900
XGBoost_r31,0.9503042596348884,0.9857142857142858,1.2678110599517822,sonar,900
RandomForest_r127,0.9492900608519269,0.9666666666666667,0.5028157234191895,sonar,900
LightGBM_r131,0.947261663286004,0.9714285714285714,0.20540237426757812,sonar,900
LightGBM_r135,0.947261663286004,0.9476190476190477,0.20133352279663086,sonar,900
LightGBM_r96,0.9462474645030425,0.9476190476190477,0.4958503246307373,sonar,900
LightGBMLarge,0.9452332657200812,0.9285714285714286,0.24414491653442383,sonar,900
XGBoost_r89,0.9432048681541582,0.9666666666666667,0.21643710136413574,sonar,900
ExtraTrees_r4,0.9411764705882353,0.9809523809523809,0.5049185752868652,sonar,900
XGBoost_r95,0.9371196754563894,0.9714285714285714,0.20147228240966797,sonar,900
LightGBM_r130,0.9249492900608519,0.9238095238095237,0.1605079174041748,sonar,900
RandomForest_r34,0.8722109533468559,0.9761904761904763,0.4410891532897949,sonar,900
XGBoost_r31,0.9154784976005906,0.923798475306596,1.0841138362884521,churn,300
CatBoost_r69,0.9133617109634551,0.9298309579052038,1.0580556392669678,churn,300
CatBoost_r128,0.9124965393133997,0.9332449453099105,4.80545973777771,churn,300
XGBoost_r95,0.9120178110003692,0.9198541597613523,0.4188041687011719,churn,300
XGBoost,0.9117928663713547,0.9202021876035795,0.3735685348510742,churn,300
XGBoost_r89,0.9110891934293098,0.9197215777262182,0.3662393093109131,churn,300
XGBoost_r194,0.910812338501292,0.9213788531653961,0.3677983283996582,churn,300
CatBoost_r143,0.91078349944629,0.9357308584686775,1.178565502166748,churn,300
CatBoost_r5,0.9106681432262826,0.9230029830957905,0.6052587032318115,churn,300
CatBoost_r50,0.910500876707272,0.930195558501823,0.9798550605773926,churn,300
CatBoost_r163,0.9103336101882613,0.9270135896586013,0.615278959274292,churn,300
CatBoost_r6,0.9097510612772242,0.919953596287703,0.8304181098937988,churn,300
CatBoost_r60,0.9088801218161684,0.9286045740802121,0.9614763259887695,churn,300
LightGBM,0.9087243909191582,0.926052369903878,0.3970794677734375,churn,300
CatBoost_r167,0.9084879106681433,0.9290023201856149,1.1571102142333984,churn,300
CatBoost,0.9083725544481358,0.930195558501823,1.261418104171753,churn,300
CatBoost_r86,0.9083091085271318,0.9296983758700695,2.5717971324920654,churn,300
CatBoost_r49,0.9082283591731266,0.9226715280079549,0.6006295680999756,churn,300
CatBoost_r137,0.9080437892211147,0.9205833609545907,1.0005979537963867,churn,300
XGBoost_r22,0.9078822905131043,0.9169042094796156,0.3712584972381592,churn,300
CatBoost_r177,0.9077900055370987,0.9315213788531653,0.9454102516174316,churn,300
CatBoost_r13,0.9073401162790697,0.9328140536957242,3.996182918548584,churn,300
WeightedEnsemble_L2,0.9069306016980434,0.9434206165064634,2.7392048835754395,churn,300
CatBoost_r70,0.906359588409007,0.9319191249585681,2.218971014022827,churn,300
LightGBM_r96,0.9062673034330011,0.9400729201193238,1.4970171451568604,churn,300
CatBoost_r198,0.9060481266149871,0.9324494530991051,1.1272857189178467,churn,300
CatBoost_r12,0.9056674510889627,0.937421279416639,2.2347183227539062,churn,300
LightGBM_r130,0.9056155407899593,0.9199867417964865,0.44351792335510254,churn,300
RandomForest_r127,0.905125276854928,0.9276102088167053,2.9807281494140625,churn,300
CatBoost_r180,0.9049176356589148,0.9290354656943984,3.3374245166778564,churn,300
LightGBM_r94,0.9046926910299002,0.941564468014584,0.4704899787902832,churn,300
CatBoost_r9,0.904669619785899,0.9277427908518396,5.013853073120117,churn,300
LightGBM_r15,0.9046004060538944,0.9193569771295989,0.5215845108032227,churn,300
RandomForest_r39,0.9039399916943521,0.9255386145177329,2.527961254119873,churn,300
LightGBM_r143,0.9037813768918419,0.9226383824991714,1.222320795059204,churn,300
ExtraTrees_r42,0.9037525378368403,0.9240304938680809,0.7422256469726562,churn,300
RandomForest_r15,0.9034814507198228,0.9266324163075903,2.42643141746521,churn,300
LightGBM_r42,0.9031699889258029,0.934570765661253,0.5806939601898193,churn,300
RandomForest_r16,0.9028123846437801,0.9254226052369904,3.3864593505859375,churn,300
XGBoost_r49,0.9025182262827611,0.9232018561484918,0.6311273574829102,churn,300
LightGBMXT,0.9021317829457364,0.9356314219423267,0.451951265335083,churn,300
RandomForest_r166,0.9019760520487264,0.9267152800795493,1.0392813682556152,churn,300
RandomForestGini,0.9019760520487264,0.9267152800795493,0.935091495513916,churn,300
LightGBM_r30,0.9019529808047251,0.9367583692409678,1.1968257427215576,churn,300
LightGBMLarge,0.9018549280177187,0.9347033476963872,0.9735665321350098,churn,300
XGBoost_r34,0.9014915559246954,0.914451441829632,0.7198631763458252,churn,300
RandomForest_r195,0.9008974713916574,0.9283394100099438,3.109281063079834,churn,300
LightGBM_r161,0.900234173126615,0.9259529333775274,1.907013177871704,churn,300
XGBoost_r98,0.9001534237726099,0.9233012926748426,1.6997473239898682,churn,300
XGBoost_r33,0.8997900516795865,0.9164733178654292,0.9821488857269287,churn,300
ExtraTrees_r197,0.8993545819490587,0.9266158435531986,0.7745027542114258,churn,300
LightGBM_r196,0.8992997877445551,0.9294000662910176,3.8945822715759277,churn,300
LightGBM_r131,0.8992594130675525,0.9278422273781903,0.9040899276733398,churn,300
ExtraTrees_r172,0.8974252491694352,0.9251740139211138,0.7578709125518799,churn,300
LightGBM_r135,0.897142626430417,0.9181305933046073,0.5191092491149902,churn,300
LightGBM_r188,0.8970618770764118,0.9402717931720251,7.698765277862549,churn,300
RandomForestEntr,0.8964822120708748,0.9186940669539276,1.0566260814666748,churn,300
ExtraTrees_r178,0.8958564045773348,0.925986078886311,0.645796537399292,churn,300
LightGBM_r121,0.8949854651162792,0.9236327477626782,2.022213935852051,churn,300
ExtraTrees_r4,0.8900828257659652,0.9131919124958569,0.6530869007110596,churn,300
ExtraTreesEntr,0.8874354005167958,0.9194398409015578,0.5808420181274414,churn,300
ExtraTrees_r49,0.8872133397932817,0.9215611534637057,0.6445021629333496,churn,300
ExtraTreesGini,0.8872133397932817,0.9215611534637057,0.5696730613708496,churn,300
RandomForest_r34,0.8841073735695829,0.8997348359297315,1.648890495300293,churn,300
ExtraTrees_r126,0.8839401070505722,0.9209811070599936,0.601609468460083,churn,300
XGBoost_r31,0.9154784976005906,0.923798475306596,1.05954909324646,churn,900
CatBoost_r69,0.9133617109634551,0.9298309579052038,0.9767882823944092,churn,900
CatBoost_r128,0.9124965393133997,0.9332449453099105,5.299160003662109,churn,900
XGBoost_r95,0.9120178110003692,0.9198541597613523,0.432340145111084,churn,900
XGBoost,0.9117928663713547,0.9202021876035795,0.4279506206512451,churn,900
XGBoost_r89,0.9110891934293098,0.9197215777262182,0.34631848335266113,churn,900
XGBoost_r194,0.910812338501292,0.9213788531653961,0.38478851318359375,churn,900
CatBoost_r143,0.91078349944629,0.9357308584686775,1.2029352188110352,churn,900
CatBoost_r5,0.9106681432262826,0.9230029830957905,0.6421961784362793,churn,900
CatBoost_r50,0.910500876707272,0.930195558501823,0.9080033302307129,churn,900
CatBoost_r163,0.9103336101882613,0.9270135896586013,0.6472189426422119,churn,900
CatBoost_r6,0.9097510612772242,0.919953596287703,0.810715913772583,churn,900
CatBoost_r60,0.9088801218161684,0.9286045740802121,0.9827249050140381,churn,900
LightGBM,0.9087243909191582,0.926052369903878,0.40175914764404297,churn,900
CatBoost_r167,0.9084879106681433,0.9290023201856149,1.1989693641662598,churn,900
CatBoost,0.9083725544481358,0.930195558501823,1.148275375366211,churn,900
CatBoost_r86,0.9083091085271318,0.9296983758700695,2.6405391693115234,churn,900
CatBoost_r49,0.9082283591731266,0.9226715280079549,0.5800857543945312,churn,900
CatBoost_r137,0.9080437892211147,0.9205833609545907,1.0027968883514404,churn,900
XGBoost_r22,0.9078822905131043,0.9169042094796156,0.36919569969177246,churn,900
CatBoost_r177,0.9077900055370987,0.9315213788531653,0.9339675903320312,churn,900
CatBoost_r13,0.9073401162790697,0.9328140536957242,4.081875801086426,churn,900
WeightedEnsemble_L2,0.9069306016980434,0.9434206165064634,2.71348237991333,churn,900
CatBoost_r70,0.906359588409007,0.9319191249585681,2.0947208404541016,churn,900
LightGBM_r96,0.9062673034330011,0.9400729201193238,1.4003937244415283,churn,900
CatBoost_r198,0.9060481266149871,0.9324494530991051,1.1457703113555908,churn,900
CatBoost_r12,0.9056674510889627,0.937421279416639,2.186160087585449,churn,900
LightGBM_r130,0.9056155407899593,0.9199867417964865,0.4064176082611084,churn,900
RandomForest_r127,0.905125276854928,0.9276102088167053,2.8847203254699707,churn,900
CatBoost_r180,0.9049176356589148,0.9290354656943984,3.6184494495391846,churn,900
LightGBM_r94,0.9046926910299002,0.941564468014584,0.49837374687194824,churn,900
CatBoost_r9,0.904669619785899,0.9277427908518396,5.629595756530762,churn,900
LightGBM_r15,0.9046004060538944,0.9193569771295989,0.5092556476593018,churn,900
RandomForest_r39,0.9039399916943521,0.9255386145177329,2.4678702354431152,churn,900
LightGBM_r143,0.9037813768918419,0.9226383824991714,1.1558966636657715,churn,900
ExtraTrees_r42,0.9037525378368403,0.9240304938680809,0.6838772296905518,churn,900
RandomForest_r15,0.9034814507198228,0.9266324163075903,2.4853286743164062,churn,900
LightGBM_r42,0.9031699889258029,0.934570765661253,0.5479011535644531,churn,900
RandomForest_r16,0.9028123846437801,0.9254226052369904,3.429096221923828,churn,900
XGBoost_r49,0.9025182262827611,0.9232018561484918,0.6259074211120605,churn,900
LightGBMXT,0.9021317829457364,0.9356314219423267,0.4217865467071533,churn,900
RandomForestGini,0.9019760520487264,0.9267152800795493,0.9361178874969482,churn,900
RandomForest_r166,0.9019760520487264,0.9267152800795493,0.9573843479156494,churn,900
LightGBM_r30,0.9019529808047251,0.9367583692409678,1.2476413249969482,churn,900
LightGBMLarge,0.9018549280177187,0.9347033476963872,1.0837886333465576,churn,900
XGBoost_r34,0.9014915559246954,0.914451441829632,0.6753478050231934,churn,900
RandomForest_r195,0.9008974713916574,0.9283394100099438,2.4208626747131348,churn,900
LightGBM_r161,0.900234173126615,0.9259529333775274,1.8223567008972168,churn,900
XGBoost_r98,0.9001534237726099,0.9233012926748426,1.6709229946136475,churn,900
XGBoost_r33,0.8997900516795865,0.9164733178654292,1.0392091274261475,churn,900
ExtraTrees_r197,0.8993545819490587,0.9266158435531986,0.8256990909576416,churn,900
LightGBM_r196,0.8992997877445551,0.9294000662910176,3.330272912979126,churn,900
LightGBM_r131,0.8992594130675525,0.9278422273781903,0.8106532096862793,churn,900
ExtraTrees_r172,0.8974252491694352,0.9251740139211138,0.6946742534637451,churn,900
LightGBM_r135,0.897142626430417,0.9181305933046073,0.53920578956604,churn,900
LightGBM_r188,0.8970618770764118,0.9402717931720251,0.9881467819213867,churn,900
RandomForestEntr,0.8964822120708748,0.9186940669539276,0.9885644912719727,churn,900
ExtraTrees_r178,0.8958564045773348,0.925986078886311,0.6833837032318115,churn,900
LightGBM_r121,0.8949854651162792,0.9236327477626782,2.0000436305999756,churn,900
ExtraTrees_r4,0.8900828257659652,0.9131919124958569,0.6426222324371338,churn,900
ExtraTreesEntr,0.8874354005167958,0.9194398409015578,0.6321821212768555,churn,900
ExtraTreesGini,0.8872133397932817,0.9215611534637057,0.5920968055725098,churn,900
ExtraTrees_r49,0.8872133397932817,0.9215611534637057,0.6178498268127441,churn,900
RandomForest_r34,0.8841073735695829,0.8997348359297315,1.8651068210601807,churn,900
ExtraTrees_r126,0.8839401070505722,0.9209811070599936,0.6539356708526611,churn,900
CatBoost_r128,0.7932172307538767,0.748690728945506,2.846953868865967,coil2000,300
LightGBM_r15,0.7780536184333637,0.7198159943382874,0.40480852127075195,coil2000,300
CatBoost_r70,0.7726518544393018,0.7467799009200284,1.3146564960479736,coil2000,300
LightGBM_r135,0.7706246335408375,0.7385704175513093,0.4268479347229004,coil2000,300
CatBoost_r143,0.7693771129879365,0.7316348195329088,0.5720620155334473,coil2000,300
CatBoost_r49,0.7692461233298818,0.73241330502477,0.5936493873596191,coil2000,300
XGBoost_r31,0.7684165221622026,0.7540693559801841,0.6881036758422852,coil2000,300
WeightedEnsemble_L2,0.7675245449668784,0.7801840056617128,2.6145522594451904,coil2000,300
CatBoost,0.767162764006537,0.7315640481245578,0.6293494701385498,coil2000,300
LightGBM,0.7668259334572538,0.7108280254777071,0.33998584747314453,coil2000,300
CatBoost_r137,0.7665764293466735,0.7341825902335456,0.5443708896636963,coil2000,300
CatBoost_r13,0.7663581132499158,0.7287331917905167,1.1646296977996826,coil2000,300
CatBoost_r167,0.766027520303397,0.7232837933474876,0.6459426879882812,coil2000,300
XGBoost_r194,0.7655908881098816,0.7389950460014153,0.39832162857055664,coil2000,300
XGBoost_r98,0.7649733654361957,0.705449398443029,0.7807571887969971,coil2000,300
RandomForest_r34,0.7648735637919635,0.7191790516631282,1.4008126258850098,coil2000,300
LightGBM_r130,0.7646490100924412,0.7422505307855626,0.33599400520324707,coil2000,300
XGBoost_r95,0.7640439626242843,0.7507077140835103,0.40937066078186035,coil2000,300
CatBoost_r60,0.7637757457054105,0.7264685067232838,0.4919397830963135,coil2000,300
CatBoost_r180,0.7630896094013149,0.7801132342533617,1.8910226821899414,coil2000,300
LightGBM_r94,0.7628525804962637,0.7199575371549893,0.3959076404571533,coil2000,300
LightGBM_r96,0.7627527788520316,0.7096956829440906,0.4877197742462158,coil2000,300
CatBoost_r198,0.7623909978916903,0.7132342533616419,0.6250498294830322,coil2000,300
CatBoost_r69,0.7623660474806322,0.7260438782731776,0.5682437419891357,coil2000,300
CatBoost_r86,0.7615801095323045,0.7334748761500354,0.9820437431335449,coil2000,300
CatBoost_r177,0.7603138761711099,0.735102618542109,0.6345973014831543,coil2000,300
CatBoost_r50,0.7600768472660587,0.7238499646142957,0.6674149036407471,coil2000,300
LightGBM_r30,0.7595716014421338,0.707855626326964,0.6018989086151123,coil2000,300
XGBoost,0.7591100188375604,0.7368365180467091,0.4350898265838623,coil2000,300
ExtraTrees_r4,0.7589228907546253,0.6951875442321303,0.9643020629882812,coil2000,300
LightGBM_r143,0.7563966616350004,0.6984430290162774,1.0618607997894287,coil2000,300
CatBoost_r163,0.7557354757419629,0.7250530785562632,0.5071303844451904,coil2000,300
XGBoost_r89,0.7539639965568433,0.7450106157112527,0.3775014877319336,coil2000,300
LightGBM_r161,0.753121920183635,0.6963198867657467,1.4677081108093262,coil2000,300
LightGBM_r131,0.7520989533302562,0.697169143665959,0.5207822322845459,coil2000,300
CatBoost_r12,0.751431529834454,0.7280254777070064,0.8836092948913574,coil2000,300
LightGBMXT,0.751431529834454,0.7089879688605804,0.3216080665588379,coil2000,300
LightGBM_r196,0.75135667860128,0.7065817409766454,1.2853577136993408,coil2000,300
CatBoost_r9,0.7512631145598123,0.7353857041755131,3.10857892036438,coil2000,300
CatBoost_r6,0.7503025237340786,0.7401273885350318,0.6611959934234619,coil2000,300
XGBoost_r49,0.7500966828428498,0.7365180467091296,0.5133354663848877,coil2000,300
CatBoost_r5,0.7495727242106314,0.7429582448690729,0.6015899181365967,coil2000,300
ExtraTrees_r178,0.7493356953055802,0.6806086341118188,0.9924168586730957,coil2000,300
ExtraTrees_r172,0.7476016417370476,0.6789101203113943,1.2810566425323486,coil2000,300
LightGBM_r121,0.7468967926246586,0.7005661712668083,1.3238263130187988,coil2000,300
ExtraTrees_r126,0.741189386095136,0.6732484076433121,0.6041440963745117,coil2000,300
XGBoost_r33,0.7401976072555796,0.6864826610049539,0.7134978771209717,coil2000,300
LightGBM_r188,0.7386070185506306,0.7010615711252655,0.6926653385162354,coil2000,300
RandomForest_r127,0.7380393966990606,0.6979476291578202,2.6811330318450928,coil2000,300
RandomForest_r15,0.7378335558078319,0.6863057324840764,1.936922311782837,coil2000,300
XGBoost_r22,0.7365985104604598,0.7353149327671621,0.43981027603149414,coil2000,300
RandomForest_r39,0.7346773288089923,0.6831210191082802,2.162544012069702,coil2000,300
XGBoost_r34,0.7321011988672514,0.7121726822363765,0.6326780319213867,coil2000,300
LightGBM_r42,0.7285021020721316,0.7285208775654636,0.5567128658294678,coil2000,300
ExtraTrees_r49,0.7179730286056462,0.656617126680821,0.715247392654419,coil2000,300
ExtraTreesGini,0.7179730286056462,0.656617126680821,0.6991462707519531,coil2000,300
RandomForestGini,0.7175675844259534,0.6567940552016984,0.7124998569488525,coil2000,300
RandomForest_r195,0.7139622500280692,0.6884996461429582,2.26644229888916,coil2000,300
ExtraTrees_r42,0.7125400765977621,0.6699221514508138,1.348247766494751,coil2000,300
RandomForest_r166,0.7121533452263625,0.6789455060155696,0.6653201580047607,coil2000,300
RandomForest_r16,0.712109682007011,0.6819179051663129,2.92946195602417,coil2000,300
ExtraTrees_r197,0.7112239424144513,0.662208067940552,1.4894380569458008,coil2000,300
RandomForestEntr,0.7110056263176936,0.674699221514508,0.7098934650421143,coil2000,300
ExtraTreesEntr,0.7093401863795705,0.6748053786270347,0.7170896530151367,coil2000,300
LightGBMLarge,0.6280766975635923,0.6907289455060155,0.8722720146179199,coil2000,300
CatBoost_r128,0.7932172307538767,0.748690728945506,2.739238739013672,coil2000,900
LightGBM_r15,0.7780536184333637,0.7198159943382874,0.4114530086517334,coil2000,900
CatBoost_r70,0.7726518544393018,0.7467799009200284,1.25038480758667,coil2000,900
LightGBM_r135,0.7706246335408375,0.7385704175513093,0.41311144828796387,coil2000,900
CatBoost_r143,0.7693771129879365,0.7316348195329088,0.7064485549926758,coil2000,900
CatBoost_r49,0.7692461233298818,0.73241330502477,0.5320675373077393,coil2000,900
XGBoost_r31,0.7684165221622026,0.7540693559801841,0.7545628547668457,coil2000,900
WeightedEnsemble_L2,0.7675245449668784,0.7801840056617128,2.4909679889678955,coil2000,900
CatBoost,0.767162764006537,0.7315640481245578,0.5872728824615479,coil2000,900
LightGBM,0.7668259334572538,0.7108280254777071,0.35216307640075684,coil2000,900
CatBoost_r137,0.7665764293466735,0.7341825902335456,0.5633704662322998,coil2000,900
CatBoost_r13,0.7663581132499158,0.7287331917905167,1.1583912372589111,coil2000,900
CatBoost_r167,0.766027520303397,0.7232837933474876,0.6159942150115967,coil2000,900
XGBoost_r194,0.7655908881098816,0.7389950460014153,0.3872854709625244,coil2000,900
XGBoost_r98,0.7649733654361957,0.705449398443029,0.7571871280670166,coil2000,900
RandomForest_r34,0.7648735637919635,0.7191790516631282,1.2309648990631104,coil2000,900
LightGBM_r130,0.7646490100924412,0.7422505307855626,0.3851456642150879,coil2000,900
XGBoost_r95,0.7640439626242843,0.7507077140835103,0.43531155586242676,coil2000,900
CatBoost_r60,0.7637757457054105,0.7264685067232838,0.5111396312713623,coil2000,900
CatBoost_r180,0.7630896094013149,0.7801132342533617,1.7032945156097412,coil2000,900
LightGBM_r94,0.7628525804962637,0.7199575371549893,0.3777289390563965,coil2000,900
LightGBM_r96,0.7627527788520316,0.7096956829440906,0.7456145286560059,coil2000,900
CatBoost_r198,0.7623909978916903,0.7132342533616419,0.6232407093048096,coil2000,900
CatBoost_r69,0.7623660474806322,0.7260438782731776,0.5272719860076904,coil2000,900
CatBoost_r86,0.7615801095323045,0.7334748761500354,0.880230188369751,coil2000,900
CatBoost_r177,0.7603138761711099,0.735102618542109,0.5112814903259277,coil2000,900
CatBoost_r50,0.7600768472660587,0.7238499646142957,0.7010719776153564,coil2000,900
LightGBM_r30,0.7595716014421338,0.707855626326964,0.558295726776123,coil2000,900
XGBoost,0.7591100188375604,0.7368365180467091,0.4104897975921631,coil2000,900
ExtraTrees_r4,0.7589228907546253,0.6951875442321303,0.9479293823242188,coil2000,900
LightGBM_r143,0.7563966616350004,0.6984430290162774,0.706326961517334,coil2000,900
CatBoost_r163,0.7557354757419629,0.7250530785562632,0.5144021511077881,coil2000,900
XGBoost_r89,0.7539639965568433,0.7450106157112527,0.40202760696411133,coil2000,900
LightGBM_r161,0.753121920183635,0.6963198867657467,1.1045968532562256,coil2000,900
LightGBM_r131,0.7520989533302562,0.697169143665959,0.5614056587219238,coil2000,900
LightGBMXT,0.751431529834454,0.7089879688605804,0.36260342597961426,coil2000,900
CatBoost_r12,0.751431529834454,0.7280254777070064,0.9303247928619385,coil2000,900
LightGBM_r196,0.75135667860128,0.7065817409766454,1.2081983089447021,coil2000,900
CatBoost_r9,0.7512631145598123,0.7353857041755131,2.7306978702545166,coil2000,900
CatBoost_r6,0.7503025237340786,0.7401273885350318,0.7023882865905762,coil2000,900
XGBoost_r49,0.7500966828428498,0.7365180467091296,0.5446715354919434,coil2000,900
CatBoost_r5,0.7495727242106314,0.7429582448690729,0.6141588687896729,coil2000,900
ExtraTrees_r178,0.7493356953055802,0.6806086341118188,1.0098605155944824,coil2000,900
ExtraTrees_r172,0.7476016417370476,0.6789101203113943,1.2211039066314697,coil2000,900
LightGBM_r121,0.7468967926246586,0.7005661712668083,1.2649259567260742,coil2000,900
ExtraTrees_r126,0.741189386095136,0.6732484076433121,0.5989639759063721,coil2000,900
XGBoost_r33,0.7401976072555796,0.6864826610049539,0.628471851348877,coil2000,900
LightGBM_r188,0.7386070185506306,0.7010615711252655,0.7357232570648193,coil2000,900
RandomForest_r127,0.7380393966990606,0.6979476291578202,2.294238567352295,coil2000,900
RandomForest_r15,0.7378335558078319,0.6863057324840764,2.048765182495117,coil2000,900
XGBoost_r22,0.7365985104604598,0.7353149327671621,0.4663858413696289,coil2000,900
RandomForest_r39,0.7346773288089923,0.6831210191082802,2.059312343597412,coil2000,900
XGBoost_r34,0.7321011988672514,0.7121726822363765,0.662322998046875,coil2000,900
LightGBM_r42,0.7285021020721316,0.7285208775654636,0.47176146507263184,coil2000,900
ExtraTrees_r49,0.7179730286056462,0.656617126680821,0.592144250869751,coil2000,900
ExtraTreesGini,0.7179730286056462,0.656617126680821,0.6106629371643066,coil2000,900
RandomForestGini,0.7175675844259534,0.6567940552016984,0.6885237693786621,coil2000,900
RandomForest_r195,0.7139622500280692,0.6884996461429582,2.2574198246002197,coil2000,900
ExtraTrees_r42,0.7125400765977621,0.6699221514508138,1.1767771244049072,coil2000,900
RandomForest_r166,0.7121533452263625,0.6789455060155696,0.715986967086792,coil2000,900
RandomForest_r16,0.712109682007011,0.6819179051663129,2.997377395629883,coil2000,900
ExtraTrees_r197,0.7112239424144513,0.662208067940552,1.4172968864440918,coil2000,900
RandomForestEntr,0.7110056263176936,0.674699221514508,0.6988034248352051,coil2000,900
ExtraTreesEntr,0.7093401863795705,0.6748053786270347,0.6000688076019287,coil2000,900
LightGBMLarge,0.6280766975635923,0.6907289455060155,0.7872271537780762,coil2000,900
WeightedEnsemble_L2,0.953052157992497,0.965108297742526,7.799501657485962,phoneme,300
ExtraTrees_r42,0.9529790563912397,0.9609803996339232,0.5111238956451416,phoneme,300
CatBoost_r128,0.952683327186153,0.9597124771201953,4.131703853607178,phoneme,300
CatBoost_r13,0.9521516791770088,0.9607230018303844,6.883368968963623,phoneme,300
ExtraTrees_r197,0.9520985143760945,0.9596743441122637,0.5887749195098877,phoneme,300
CatBoost_r9,0.9520486723752372,0.9632016473459426,4.6796345710754395,phoneme,300
ExtraTreesEntr,0.951563543566893,0.9611901311775473,0.5661332607269287,phoneme,300
ExtraTrees_r49,0.9514156789643496,0.9583873550945698,0.6494433879852295,phoneme,300
ExtraTreesGini,0.9514156789643496,0.9583873550945698,0.6174910068511963,phoneme,300
CatBoost,0.9507129067522619,0.9579964917632703,1.589916467666626,phoneme,300
CatBoost_r12,0.9505766719499187,0.9619813910921294,3.0273659229278564,phoneme,300
CatBoost_r86,0.9504537283478041,0.9586066198901769,2.4437289237976074,phoneme,300
CatBoost_r70,0.9503939179467754,0.9600938071995119,2.3674306869506836,phoneme,300
RandomForestEntr,0.9495831547328302,0.9549363178767543,0.8205771446228027,phoneme,300
CatBoost_r198,0.9489983419227714,0.9558801098230629,1.8311388492584229,phoneme,300
LightGBM_r188,0.9488155879196281,0.9550221171446003,1.6300239562988281,phoneme,300
CatBoost_r167,0.9485497639150559,0.958263422818792,1.3961021900177002,phoneme,300
RandomForestGini,0.9482822785104552,0.9546503203172666,0.7858681678771973,phoneme,300
RandomForest_r166,0.9482822785104552,0.9546503203172666,0.772376298904419,phoneme,300
RandomForest_r195,0.9481377367079691,0.9551937156802929,0.916297197341919,phoneme,300
CatBoost_r180,0.9479084635040256,0.9583015558267236,2.5591678619384766,phoneme,300
CatBoost_r177,0.9478519759030539,0.9607992678462478,1.1554059982299805,phoneme,300
LightGBM_r143,0.9476293482992248,0.9531726662599146,1.2346992492675781,phoneme,300
CatBoost_r143,0.9473103594937382,0.9610852654057352,1.0707926750183105,phoneme,300
LightGBM_r121,0.9469415286873943,0.9561661073825504,2.053555965423584,phoneme,300
CatBoost_r60,0.9468950094865941,0.9585684868822453,2.506235361099243,phoneme,300
LightGBM_r131,0.9462703230758496,0.9558419768151312,1.1511585712432861,phoneme,300
XGBoost_r194,0.946060986672249,0.9555941122635753,0.5063042640686035,phoneme,300
LightGBM_r161,0.9459147834697343,0.956337705918243,2.522627830505371,phoneme,300
LightGBM_r30,0.9455692122637904,0.9533823978035387,4.659914970397949,phoneme,300
LightGBMXT,0.9453997494608757,0.9547933190970104,1.0191423892974854,phoneme,300
XGBoost_r49,0.9452801286588183,0.9544501220256254,0.9929828643798828,phoneme,300
CatBoost_r163,0.9450309186545318,0.9536111958511289,0.8698434829711914,phoneme,300
RandomForest_r16,0.9449362188529029,0.9538304606467358,1.1986312866210938,phoneme,300
CatBoost_r69,0.9446421510478449,0.955632245271507,1.3489410877227783,phoneme,300
LightGBM_r15,0.9446288598476165,0.9484060402684563,0.7248589992523193,phoneme,300
LightGBM_r196,0.9442234782406438,0.9490924344112264,4.9727373123168945,phoneme,300
RandomForest_r39,0.944171974839758,0.9521621415497254,0.8519091606140137,phoneme,300
XGBoost_r33,0.9434525886273845,0.9563567724222087,0.9407730102539062,phoneme,300
CatBoost_r5,0.9431003718213263,0.9528104026845639,2.2160165309906006,phoneme,300
LightGBM,0.9430073334197261,0.9514757474069555,0.36748671531677246,phoneme,300
CatBoost_r137,0.9428378706168113,0.9557466442953021,2.1273763179779053,phoneme,300
RandomForest_r15,0.942058674003409,0.949473764490543,0.8845803737640381,phoneme,300
CatBoost_r49,0.9420138162026376,0.9517808114704089,1.221299648284912,phoneme,300
XGBoost,0.9411897617884638,0.9554797132397803,0.605377197265625,phoneme,300
XGBoost_r22,0.940817608182063,0.9508656192800488,0.34885454177856445,phoneme,300
XGBoost_r89,0.9407278925805197,0.950846552776083,0.48416781425476074,phoneme,300
LightGBMLarge,0.9404255177753189,0.9439826113483832,0.9284720420837402,phoneme,300
CatBoost_r6,0.9403823213745759,0.9518952104942038,1.0937461853027344,phoneme,300
LightGBM_r135,0.9402062129715468,0.9523337400854179,0.6911411285400391,phoneme,300
XGBoost_r95,0.9396214001614881,0.9484632397803539,0.3593912124633789,phoneme,300
ExtraTrees_r126,0.9392791517556014,0.9489780353874314,0.5228102207183838,phoneme,300
CatBoost_r50,0.9390598469518294,0.9548695851128737,1.2124896049499512,phoneme,300
RandomForest_r127,0.9370628441174809,0.9451838010982307,1.1396982669830322,phoneme,300
LightGBM_r130,0.9366209117098796,0.9479675106772423,0.5472617149353027,phoneme,300
ExtraTrees_r172,0.9364713857073078,0.9434106162294081,0.5652773380279541,phoneme,300
LightGBM_r96,0.9356905276938771,0.9457367297132397,2.6594347953796387,phoneme,300
XGBoost_r98,0.9345740668746739,0.9505605552165954,4.64506721496582,phoneme,300
XGBoost_r34,0.9343514392708449,0.9469951189749848,0.9752779006958008,phoneme,300
XGBoost_r31,0.9333778588540992,0.9411035692495424,2.071641206741333,phoneme,300
LightGBM_r42,0.9330621928486698,0.9429911531421599,1.1822490692138672,phoneme,300
LightGBM_r94,0.9295798983887742,0.9429720866381941,2.1948812007904053,phoneme,300
ExtraTrees_r178,0.9295167651876883,0.9377287980475901,0.5541956424713135,phoneme,300
RandomForest_r34,0.8995866436728902,0.9028561622940817,0.7317600250244141,phoneme,300
ExtraTrees_r4,0.8978172526424568,0.9007969798657718,0.5380425453186035,phoneme,300
WeightedEnsemble_L2,0.953052157992497,0.965108297742526,7.824030876159668,phoneme,900
ExtraTrees_r42,0.9529790563912397,0.9609803996339232,0.5707776546478271,phoneme,900
CatBoost_r128,0.952683327186153,0.9597124771201953,4.077620029449463,phoneme,900
CatBoost_r13,0.9521516791770088,0.9607230018303844,8.16975474357605,phoneme,900
ExtraTrees_r197,0.9520985143760945,0.9596743441122637,0.5985281467437744,phoneme,900
CatBoost_r9,0.9520486723752372,0.9632016473459426,4.8715126514434814,phoneme,900
ExtraTreesEntr,0.951563543566893,0.9611901311775473,0.5531623363494873,phoneme,900
ExtraTrees_r49,0.9514156789643496,0.9583873550945698,0.5133697986602783,phoneme,900
ExtraTreesGini,0.9514156789643496,0.9583873550945698,0.5186245441436768,phoneme,900
CatBoost,0.9507129067522619,0.9579964917632703,1.6207828521728516,phoneme,900
CatBoost_r12,0.9505766719499187,0.9619813910921294,3.1892096996307373,phoneme,900
CatBoost_r86,0.9504537283478041,0.9586066198901769,2.2707667350769043,phoneme,900
CatBoost_r70,0.9503939179467754,0.9600938071995119,2.4278199672698975,phoneme,900
RandomForestEntr,0.9495831547328302,0.9549363178767543,0.7605953216552734,phoneme,900
CatBoost_r198,0.9489983419227714,0.9558801098230629,1.8364977836608887,phoneme,900
LightGBM_r188,0.9488155879196281,0.9550221171446003,1.5675954818725586,phoneme,900
CatBoost_r167,0.9485497639150559,0.958263422818792,1.4135196208953857,phoneme,900
RandomForestGini,0.9482822785104552,0.9546503203172666,0.7897896766662598,phoneme,900
RandomForest_r166,0.9482822785104552,0.9546503203172666,0.7596409320831299,phoneme,900
RandomForest_r195,0.9481377367079691,0.9551937156802929,1.0832951068878174,phoneme,900
CatBoost_r180,0.9479084635040256,0.9583015558267236,2.589754819869995,phoneme,900
CatBoost_r177,0.9478519759030539,0.9607992678462478,1.1523990631103516,phoneme,900
LightGBM_r143,0.9476293482992248,0.9531726662599146,1.269705057144165,phoneme,900
CatBoost_r143,0.9473103594937382,0.9610852654057352,1.0639433860778809,phoneme,900
LightGBM_r121,0.9469415286873943,0.9561661073825504,2.0673296451568604,phoneme,900
CatBoost_r60,0.9468950094865941,0.9585684868822453,2.5477728843688965,phoneme,900
LightGBM_r131,0.9462703230758496,0.9558419768151312,1.0968890190124512,phoneme,900
XGBoost_r194,0.946060986672249,0.9555941122635753,0.42714452743530273,phoneme,900
LightGBM_r161,0.9459147834697343,0.956337705918243,2.37001895904541,phoneme,900
LightGBM_r30,0.9455692122637904,0.9533823978035387,4.093670129776001,phoneme,900
LightGBMXT,0.9453997494608757,0.9547933190970104,0.9172813892364502,phoneme,900
XGBoost_r49,0.9452801286588183,0.9544501220256254,0.8300449848175049,phoneme,900
CatBoost_r163,0.9450309186545318,0.9536111958511289,0.908850908279419,phoneme,900
RandomForest_r16,0.9449362188529029,0.9538304606467358,1.3444116115570068,phoneme,900
CatBoost_r69,0.9446421510478449,0.955632245271507,1.4109222888946533,phoneme,900
LightGBM_r15,0.9446288598476165,0.9484060402684563,0.6444025039672852,phoneme,900
LightGBM_r196,0.9442234782406438,0.9490924344112264,4.424012899398804,phoneme,900
RandomForest_r39,0.944171974839758,0.9521621415497254,0.9280657768249512,phoneme,900
XGBoost_r33,0.9434525886273845,0.9563567724222087,1.085850715637207,phoneme,900
CatBoost_r5,0.9431003718213263,0.9528104026845639,1.947331428527832,phoneme,900
LightGBM,0.9430073334197261,0.9514757474069555,0.3701004981994629,phoneme,900
CatBoost_r137,0.9428378706168113,0.9557466442953021,2.340336561203003,phoneme,900
RandomForest_r15,0.942058674003409,0.949473764490543,0.8945684432983398,phoneme,900
CatBoost_r49,0.9420138162026376,0.9517808114704089,1.1856472492218018,phoneme,900
XGBoost,0.9411897617884638,0.9554797132397803,0.530789852142334,phoneme,900
XGBoost_r22,0.940817608182063,0.9508656192800488,0.38158345222473145,phoneme,900
XGBoost_r89,0.9407278925805197,0.950846552776083,0.538616418838501,phoneme,900
LightGBMLarge,0.9404255177753189,0.9439826113483832,0.8670732975006104,phoneme,900
CatBoost_r6,0.9403823213745759,0.9518952104942038,1.069725751876831,phoneme,900
LightGBM_r135,0.9402062129715468,0.9523337400854179,0.6657185554504395,phoneme,900
XGBoost_r95,0.9396214001614881,0.9484632397803539,0.36035656929016113,phoneme,900
ExtraTrees_r126,0.9392791517556014,0.9489780353874314,0.6049110889434814,phoneme,900
CatBoost_r50,0.9390598469518294,0.9548695851128737,1.2478277683258057,phoneme,900
RandomForest_r127,0.9370628441174809,0.9451838010982307,1.2320778369903564,phoneme,900
LightGBM_r130,0.9366209117098796,0.9479675106772423,0.5507304668426514,phoneme,900
ExtraTrees_r172,0.9364713857073078,0.9434106162294081,0.5574193000793457,phoneme,900
LightGBM_r96,0.9356905276938771,0.9457367297132397,3.1906192302703857,phoneme,900
XGBoost_r98,0.9345740668746739,0.9505605552165954,4.344539403915405,phoneme,900
XGBoost_r34,0.9343514392708449,0.9469951189749848,0.951542854309082,phoneme,900
XGBoost_r31,0.9333778588540992,0.9411035692495424,2.063380479812622,phoneme,900
LightGBM_r42,0.9330621928486698,0.9429911531421599,1.1707797050476074,phoneme,900
LightGBM_r94,0.9295798983887742,0.9429720866381941,2.1402552127838135,phoneme,900
ExtraTrees_r178,0.9295167651876883,0.9377287980475901,0.5681934356689453,phoneme,900
RandomForest_r34,0.8995866436728902,0.9028561622940817,0.6993873119354248,phoneme,900
ExtraTrees_r4,0.8978172526424568,0.9007969798657718,0.5198729038238525,phoneme,900
ExtraTreesEntr,0.989410273038436,0.9881154782144881,0.6075599193572998,spambase,300
WeightedEnsemble_L2,0.9889726089143894,0.9951495149514951,16.510252714157104,spambase,300
ExtraTreesGini,0.9887588659700877,0.9882654932159883,0.6458327770233154,spambase,300
ExtraTrees_r49,0.9887588659700877,0.9882654932159883,0.6542487144470215,spambase,300
RandomForest_r166,0.9883139316778676,0.9888488848884889,0.7027866840362549,spambase,300
RandomForestEntr,0.9881045508344699,0.9907740774077407,0.7750182151794434,spambase,300
RandomForestGini,0.9878631812511087,0.9891405807247391,0.8002223968505859,spambase,300
LightGBM_r196,0.9877424964594281,0.9940494049404941,7.021404027938843,spambase,300
CatBoost_r167,0.9877192319212729,0.9939160582724939,5.957914352416992,spambase,300
CatBoost_r86,0.9876872431813093,0.9936160282694936,9.177977085113525,spambase,300
CatBoost_r13,0.9876756109122317,0.9939493949394939,22.865965127944946,spambase,300
LightGBM_r121,0.9875272994814916,0.9925992599259925,4.255175828933716,spambase,300
CatBoost_r12,0.987480770405181,0.9938660532719938,15.152080535888672,spambase,300
CatBoost_r70,0.9874487816652175,0.9940827416074941,8.683807373046875,spambase,300
CatBoost_r143,0.9873557235125963,0.9935993599359936,4.673253059387207,spambase,300
LightGBM_r161,0.9872742976290528,0.9924325765909925,3.6557581424713135,spambase,300
CatBoost_r128,0.9870620087183857,0.9937827116044937,13.973355770111084,spambase,300
CatBoost_r180,0.987035836112961,0.9934826816014936,9.817424774169922,spambase,300
CatBoost_r69,0.9870183877093445,0.9934160082674934,2.4040515422821045,spambase,300
CatBoost_r198,0.987000939305728,0.9934993499349936,5.582310199737549,spambase,300
CatBoost_r9,0.9869747667003033,0.9939160582724939,16.166983127593994,spambase,300
CatBoost,0.9869689505657645,0.993882721605494,4.812314033508301,spambase,300
CatBoost_r6,0.9868613520767962,0.9931993199319933,2.7941343784332275,spambase,300
LightGBM_r42,0.9868002826641387,0.9933993399339933,0.7899305820465088,spambase,300
XGBoost_r98,0.9867450293860198,0.9933493349334933,4.049362421035767,spambase,300
LightGBM_r188,0.9867043164442479,0.993966063272994,1.4286000728607178,spambase,300
CatBoost_r60,0.9866519712333987,0.9929992999299929,3.6486103534698486,spambase,300
LightGBM_r30,0.9865792695516633,0.9932993299329933,2.0822219848632812,spambase,300
CatBoost_r5,0.9864454984572703,0.9928992899289929,3.1339190006256104,spambase,300
LightGBM_r131,0.986422233919115,0.992032536586992,1.4515094757080078,spambase,300
CatBoost_r177,0.986401877448229,0.9936993699369936,2.8394532203674316,spambase,300
CatBoost_r163,0.9863262676992245,0.9932326565989932,2.4946060180664062,spambase,300
LightGBM_r96,0.9862986410601651,0.9926659332599927,2.041013240814209,spambase,300
CatBoost_r137,0.9862622902192973,0.9926325965929926,3.9810431003570557,spambase,300
LightGBM_r130,0.9862361176138726,0.9923992399239924,0.6030337810516357,spambase,300
XGBoost_r89,0.9861808643357539,0.9926325965929927,1.0641167163848877,spambase,300
LightGBM_r94,0.9861546917303291,0.9914324765809914,1.0136892795562744,spambase,300
XGBoost_r34,0.9861343352594432,0.9932826615994932,1.7401788234710693,spambase,300
LightGBMXT,0.9861081626540186,0.9935660232689936,0.6315011978149414,spambase,300
CatBoost_r49,0.9860616335777078,0.9927826115944928,2.4222514629364014,spambase,300
LightGBM_r15,0.9859714834923562,0.9925659232589925,0.9589259624481201,spambase,300
LightGBM_r135,0.9857824591198444,0.9923825715904924,0.7411601543426514,spambase,300
ExtraTrees_r42,0.9856675904627025,0.9846401306797347,1.0177397727966309,spambase,300
LightGBM_r143,0.9855352734019444,0.9931993199319932,2.399545192718506,spambase,300
XGBoost_r194,0.9854218587784372,0.992049204920492,0.8034100532531738,spambase,300
XGBoost_r49,0.985398594240282,0.9935993599359936,2.0813376903533936,spambase,300
XGBoost_r33,0.9851833972623454,0.9925492549254925,3.3647708892822266,spambase,300
XGBoost_r31,0.9850888850760896,0.9923325665899924,5.242748737335205,spambase,300
XGBoost_r22,0.984988556755295,0.9924492449244924,1.0194871425628662,spambase,300
CatBoost_r50,0.9849013147372125,0.9924159082574924,2.9083871841430664,spambase,300
ExtraTrees_r197,0.9847689976764543,0.9864403106977365,1.25417160987854,spambase,300
XGBoost_r95,0.9845479845639789,0.9917491749174917,1.2736902236938477,spambase,300
ExtraTrees_r126,0.9845436224630748,0.9887988798879889,0.7825253009796143,spambase,300
XGBoost,0.9845218119585541,0.9923659032569924,1.1524419784545898,spambase,300
LightGBM,0.98370173698858,0.9924659132579924,0.6842427253723145,spambase,300
ExtraTrees_r172,0.9833658552189629,0.9877321065439877,0.9325220584869385,spambase,300
ExtraTrees_r178,0.9831622905101041,0.9876987698769877,0.8625073432922363,spambase,300
LightGBMLarge,0.9826359303343404,0.988898889888989,1.6210222244262695,spambase,300
RandomForest_r15,0.9801189981126645,0.9843150981764843,2.428392171859741,spambase,300
RandomForest_r39,0.9800681069354495,0.9837817115044838,2.7292938232421875,spambase,300
RandomForest_r195,0.9787333040587893,0.9847318065139846,3.0655038356781006,spambase,300
RandomForest_r16,0.9779248613578929,0.98017301730173,4.124077796936035,spambase,300
RandomForest_r127,0.9778085386671166,0.9828649531619829,3.2046408653259277,spambase,300
ExtraTrees_r4,0.9742621506320683,0.9817648431509818,0.7925093173980713,spambase,300
RandomForest_r34,0.9656222827746451,0.9785978597859786,1.4607200622558594,spambase,300
ExtraTreesEntr,0.989410273038436,0.9881154782144881,0.613497257232666,spambase,900
WeightedEnsemble_L2,0.9889726089143894,0.9951495149514951,15.889835357666016,spambase,900
ExtraTreesGini,0.9887588659700877,0.9882654932159883,0.6605114936828613,spambase,900
ExtraTrees_r49,0.9887588659700877,0.9882654932159883,0.6026186943054199,spambase,900
RandomForest_r166,0.9883139316778676,0.9888488848884889,0.6752874851226807,spambase,900
RandomForestEntr,0.9881045508344699,0.9907740774077407,0.7859845161437988,spambase,900
RandomForestGini,0.9878631812511087,0.9891405807247391,0.7784936428070068,spambase,900
LightGBM_r196,0.9877424964594281,0.9940494049404941,6.516415357589722,spambase,900
CatBoost_r167,0.9877192319212729,0.9939160582724939,5.900821924209595,spambase,900
CatBoost_r86,0.9876872431813093,0.9936160282694936,9.229541063308716,spambase,900
CatBoost_r13,0.9876756109122317,0.9939493949394939,21.766193866729736,spambase,900
LightGBM_r121,0.9875272994814916,0.9925992599259925,4.115626573562622,spambase,900
CatBoost_r12,0.987480770405181,0.9938660532719938,9.036839962005615,spambase,900
CatBoost_r70,0.9874487816652175,0.9940827416074941,8.556177139282227,spambase,900
CatBoost_r143,0.9873557235125963,0.9935993599359936,4.706543684005737,spambase,900
LightGBM_r161,0.9872742976290528,0.9924325765909925,3.6764748096466064,spambase,900
CatBoost_r128,0.9870620087183857,0.9937827116044937,13.297535419464111,spambase,900
CatBoost_r180,0.987035836112961,0.9934826816014936,9.591596126556396,spambase,900
CatBoost_r69,0.9870183877093445,0.9934160082674934,2.3121442794799805,spambase,900
CatBoost_r198,0.987000939305728,0.9934993499349936,5.421650171279907,spambase,900
CatBoost_r9,0.9869747667003033,0.9939160582724939,16.802700996398926,spambase,900
CatBoost,0.9869689505657645,0.993882721605494,4.902962923049927,spambase,900
CatBoost_r6,0.9868613520767962,0.9931993199319933,2.8077220916748047,spambase,900
LightGBM_r42,0.9868002826641387,0.9933993399339933,0.7786209583282471,spambase,900
XGBoost_r98,0.9867450293860198,0.9933493349334933,3.8685462474823,spambase,900
LightGBM_r188,0.9867043164442479,0.993966063272994,1.3491532802581787,spambase,900
CatBoost_r60,0.9866519712333987,0.9929992999299929,3.679326057434082,spambase,900
LightGBM_r30,0.9865792695516633,0.9932993299329933,1.9475688934326172,spambase,900
CatBoost_r5,0.9864454984572703,0.9928992899289929,3.2099616527557373,spambase,900
LightGBM_r131,0.986422233919115,0.992032536586992,1.4808027744293213,spambase,900
CatBoost_r177,0.986401877448229,0.9936993699369936,2.900999069213867,spambase,900
CatBoost_r163,0.9863262676992245,0.9932326565989932,2.3800606727600098,spambase,900
LightGBM_r96,0.9862986410601651,0.9926659332599927,2.063947916030884,spambase,900
CatBoost_r137,0.9862622902192973,0.9926325965929926,3.837646722793579,spambase,900
LightGBM_r130,0.9862361176138726,0.9923992399239924,0.598222017288208,spambase,900
XGBoost_r89,0.9861808643357539,0.9926325965929927,1.0270771980285645,spambase,900
LightGBM_r94,0.9861546917303291,0.9914324765809914,0.9706182479858398,spambase,900
XGBoost_r34,0.9861343352594432,0.9932826615994932,1.7822175025939941,spambase,900
LightGBMXT,0.9861081626540186,0.9935660232689936,0.6662065982818604,spambase,900
CatBoost_r49,0.9860616335777078,0.9927826115944928,2.3272109031677246,spambase,900
LightGBM_r15,0.9859714834923562,0.9925659232589925,0.9006664752960205,spambase,900
LightGBM_r135,0.9857824591198444,0.9923825715904924,0.695521354675293,spambase,900
ExtraTrees_r42,0.9856675904627025,0.9846401306797347,1.0032672882080078,spambase,900
LightGBM_r143,0.9855352734019444,0.9931993199319932,2.2582263946533203,spambase,900
XGBoost_r194,0.9854218587784372,0.992049204920492,0.8548073768615723,spambase,900
XGBoost_r49,0.985398594240282,0.9935993599359936,1.9608967304229736,spambase,900
XGBoost_r33,0.9851833972623454,0.9925492549254925,3.3967745304107666,spambase,900
XGBoost_r31,0.9850888850760896,0.9923325665899924,5.513223886489868,spambase,900
XGBoost_r22,0.984988556755295,0.9924492449244924,1.0335354804992676,spambase,900
CatBoost_r50,0.9849013147372125,0.9924159082574924,2.9976601600646973,spambase,900
ExtraTrees_r197,0.9847689976764543,0.9864403106977365,1.1683635711669922,spambase,900
XGBoost_r95,0.9845479845639789,0.9917491749174917,1.2389848232269287,spambase,900
ExtraTrees_r126,0.9845436224630748,0.9887988798879889,0.5765995979309082,spambase,900
XGBoost,0.9845218119585541,0.9923659032569924,1.1443183422088623,spambase,900
LightGBM,0.98370173698858,0.9924659132579924,0.6796329021453857,spambase,900
ExtraTrees_r172,0.9833658552189629,0.9877321065439877,0.9480705261230469,spambase,900
ExtraTrees_r178,0.9831622905101041,0.9876987698769877,0.8359291553497314,spambase,900
LightGBMLarge,0.9826359303343404,0.988898889888989,1.5427296161651611,spambase,900
RandomForest_r15,0.9801189981126645,0.9843150981764843,2.3991689682006836,spambase,900
RandomForest_r39,0.9800681069354495,0.9837817115044838,2.6012911796569824,spambase,900
RandomForest_r195,0.9787333040587893,0.9847318065139846,3.0586273670196533,spambase,900
RandomForest_r16,0.9779248613578929,0.98017301730173,3.915808916091919,spambase,900
RandomForest_r127,0.9778085386671166,0.9828649531619829,3.0290567874908447,spambase,900
ExtraTrees_r4,0.9742621506320683,0.9817648431509818,0.7634961605072021,spambase,900
RandomForest_r34,0.9656222827746451,0.9785978597859786,1.3771710395812988,spambase,900
CatBoost,0.9262697347803731,0.9398758457138872,1.1129651069641113,magic,300
CatBoost_r198,0.9254026062536701,0.9405384669038154,1.2395715713500977,magic,300
WeightedEnsemble_L2,0.9250162016119463,0.9439038850526609,1.439490795135498,magic,300
CatBoost_r180,0.9248914568063504,0.9405210295040802,3.3939335346221924,magic,300
CatBoost_r128,0.9248823291376482,0.9376787333472834,5.3881213665008545,magic,300
CatBoost_r49,0.9247514992195843,0.9437992606542511,0.911468505859375,magic,300
CatBoost_r5,0.9245902437391799,0.939579409918393,1.0694830417633057,magic,300
CatBoost_r70,0.9241551581977113,0.9411487758945385,2.634570360183716,magic,300
CatBoost_r177,0.9233549659081574,0.9408872148985143,1.0962169170379639,magic,300
CatBoost_r50,0.923193710427753,0.9386726651321754,0.9794149398803711,magic,300
CatBoost_r13,0.9228955399168164,0.9374869219501987,4.623525381088257,magic,300
CatBoost_r6,0.9227403695488803,0.9412010880937436,0.8684673309326172,magic,300
CatBoost_r9,0.9226582205305609,0.939178349724489,5.983671188354492,magic,300
CatBoost_r69,0.922521305500029,0.9393004115226338,1.1011180877685547,magic,300
CatBoost_r86,0.9219462623717942,0.9368766129594754,2.4806840419769287,magic,300
CatBoost_r60,0.9216450493046238,0.9384111041361513,1.1170563697814941,magic,300
CatBoost_r12,0.9215050917178577,0.9375217967496687,2.3737881183624268,magic,300
CatBoost_r137,0.9212981978939425,0.9408872148985143,1.6369097232818604,magic,300
LightGBM_r30,0.9212921127814744,0.9346446257934018,1.6617100238800049,magic,300
LightGBM_r188,0.9211065168511977,0.9338425054055939,0.7223389148712158,magic,300
ExtraTrees_r49,0.921057835951453,0.9253592104345401,0.5392961502075195,magic,300
ExtraTreesGini,0.921057835951453,0.9253592104345401,0.6459553241729736,magic,300
LightGBM_r15,0.920726197321942,0.9299190904652297,0.4344050884246826,magic,300
LightGBM_r196,0.9207261973219419,0.9356211201785589,4.647974967956543,magic,300
CatBoost_r163,0.9206014525163461,0.9406779661016949,0.8452427387237549,magic,300
LightGBMXT,0.9204158565860694,0.9357954941759085,0.5000874996185303,magic,300
ExtraTreesEntr,0.9201952712591009,0.9252458673362627,0.6296463012695312,magic,300
XGBoost_r31,0.9198043027830262,0.9350282485875706,1.7404663562774658,magic,300
ExtraTrees_r126,0.9189158763626849,0.9237985631582618,0.611065149307251,magic,300
RandomForestEntr,0.9182769395535352,0.9296749668689405,1.2464404106140137,magic,300
ExtraTrees_r42,0.918260205494248,0.9242519355513705,0.6631617546081543,magic,300
LightGBM_r131,0.9179665988176626,0.9269024203110833,0.7805452346801758,magic,300
ExtraTrees_r197,0.917863151905705,0.9263444235195647,0.708345890045166,magic,300
LightGBM,0.9173459173459172,0.9269896073097579,0.4030599594116211,magic,300
XGBoost_r49,0.9169412573667892,0.9319243914347491,0.674638032913208,magic,300
LightGBM_r42,0.9169138743606828,0.9304422124572782,0.4130096435546875,magic,300
CatBoost_r143,0.9167374060991083,0.9385854781335008,1.4729716777801514,magic,300
CatBoost_r167,0.9164635760380441,0.9424217060751899,1.2533512115478516,magic,300
LightGBM_r121,0.9163753419072568,0.9257166771291065,1.7873122692108154,magic,300
LightGBM_r161,0.9163327461199802,0.9252284299365279,1.7761034965515137,magic,300
XGBoost_r98,0.9162627673265971,0.9274952919020716,2.0654592514038086,magic,300
LightGBM_r96,0.9161897459769801,0.9356036827788241,1.4324967861175537,magic,300
XGBoost,0.9159767670405967,0.9344528143963171,0.4652254581451416,magic,300
LightGBM_r143,0.9159280861408521,0.9249668689405036,0.995025634765625,magic,300
XGBoost_r33,0.9155264687179581,0.9246181209458044,1.286020278930664,magic,300
LightGBM_r130,0.9154930005993835,0.9286287228848434,0.35346531867980957,magic,300
XGBoost_r194,0.9154504048121068,0.9331450094161959,0.48715758323669434,magic,300
XGBoost_r95,0.9147475743220423,0.9361965543698123,0.3840503692626953,magic,300
RandomForestGini,0.9147323615408723,0.9292041570760968,1.18984055519104,magic,300
RandomForest_r166,0.9147323615408723,0.9292041570760968,1.1749122142791748,magic,300
LightGBM_r135,0.9146076167352761,0.9303375880588686,0.47368574142456055,magic,300
ExtraTrees_r178,0.914248595099659,0.925141242937853,0.6153676509857178,magic,300
XGBoost_r22,0.9140173608258714,0.9299714026644346,0.4174065589904785,magic,300
LightGBM_r94,0.9138317648955948,0.9314884564413755,0.7344274520874023,magic,300
ExtraTrees_r172,0.9132293387612537,0.9259433633256609,0.6306354999542236,magic,300
XGBoost_r34,0.912785125551083,0.9237636883587919,0.7663688659667969,magic,300
RandomForest_r15,0.9125478061648274,0.9289077212806026,1.8313796520233154,magic,300
XGBoost_r89,0.9120853376172525,0.9335111948106298,0.36835217475891113,magic,300
RandomForest_r39,0.9112395069841879,0.9270593569086978,1.926356315612793,magic,300
LightGBMLarge,0.9097364842045693,0.9175908488526191,1.0653040409088135,magic,300
RandomForest_r195,0.9094504839185691,0.9275911976006137,1.9389739036560059,magic,300
RandomForest_r127,0.9086168235104406,0.9298667782660249,2.2751965522766113,magic,300
RandomForest_r16,0.9078318440020569,0.9277568528980958,2.8686776161193848,magic,300
ExtraTrees_r4,0.9020844552759447,0.9092732091790474,0.5773403644561768,magic,300
RandomForest_r34,0.8987619838683669,0.9132838111180861,1.1779637336730957,magic,300
CatBoost,0.9262697347803731,0.9398758457138872,0.984086275100708,magic,900
CatBoost_r198,0.9254026062536701,0.9405384669038154,1.3928186893463135,magic,900
WeightedEnsemble_L2,0.9250162016119463,0.9439038850526609,1.3688578605651855,magic,900
CatBoost_r180,0.9248914568063504,0.9405210295040802,3.7637457847595215,magic,900
CatBoost_r128,0.9248823291376482,0.9376787333472834,5.2605016231536865,magic,900
CatBoost_r49,0.9247514992195843,0.9437992606542511,0.8848586082458496,magic,900
CatBoost_r5,0.9245902437391799,0.939579409918393,1.0261507034301758,magic,900
CatBoost_r70,0.9241551581977113,0.9411487758945385,2.631838083267212,magic,900
CatBoost_r177,0.9233549659081574,0.9408872148985143,1.1139891147613525,magic,900
CatBoost_r50,0.923193710427753,0.9386726651321754,0.9966487884521484,magic,900
CatBoost_r13,0.9228955399168164,0.9374869219501987,4.6865074634552,magic,900
CatBoost_r6,0.9227403695488803,0.9412010880937436,0.9303371906280518,magic,900
CatBoost_r9,0.9226582205305609,0.939178349724489,5.600122451782227,magic,900
CatBoost_r69,0.922521305500029,0.9393004115226338,1.1221327781677246,magic,900
CatBoost_r86,0.9219462623717942,0.9368766129594754,2.6474804878234863,magic,900
CatBoost_r60,0.9216450493046238,0.9384111041361513,1.1192216873168945,magic,900
CatBoost_r12,0.9215050917178577,0.9375217967496687,2.4579882621765137,magic,900
CatBoost_r137,0.9212981978939425,0.9408872148985143,1.4434022903442383,magic,900
LightGBM_r30,0.9212921127814744,0.9346446257934018,1.5413143634796143,magic,900
LightGBM_r188,0.9211065168511977,0.9338425054055939,0.7060160636901855,magic,900
ExtraTreesGini,0.921057835951453,0.9253592104345401,0.5207920074462891,magic,900
ExtraTrees_r49,0.921057835951453,0.9253592104345401,0.5845789909362793,magic,900
LightGBM_r15,0.920726197321942,0.9299190904652297,0.48122382164001465,magic,900
LightGBM_r196,0.9207261973219419,0.9356211201785589,6.83518385887146,magic,900
CatBoost_r163,0.9206014525163461,0.9406779661016949,0.853287935256958,magic,900
LightGBMXT,0.9204158565860694,0.9357954941759085,0.4429645538330078,magic,900
ExtraTreesEntr,0.9201952712591009,0.9252458673362627,0.5531866550445557,magic,900
XGBoost_r31,0.9198043027830262,0.9350282485875706,1.2050752639770508,magic,900
ExtraTrees_r126,0.9189158763626849,0.9237985631582618,0.5665318965911865,magic,900
RandomForestEntr,0.9182769395535352,0.9296749668689405,1.1444518566131592,magic,900
ExtraTrees_r42,0.918260205494248,0.9242519355513705,0.6643035411834717,magic,900
LightGBM_r131,0.9179665988176626,0.9269024203110833,0.7784321308135986,magic,900
ExtraTrees_r197,0.917863151905705,0.9263444235195647,0.7458422183990479,magic,900
LightGBM,0.9173459173459172,0.9269896073097579,0.3761327266693115,magic,900
XGBoost_r49,0.9169412573667892,0.9319243914347491,0.6670541763305664,magic,900
LightGBM_r42,0.9169138743606828,0.9304422124572782,0.4891963005065918,magic,900
CatBoost_r143,0.9167374060991083,0.9385854781335008,1.5833702087402344,magic,900
CatBoost_r167,0.9164635760380441,0.9424217060751899,1.2335665225982666,magic,900
LightGBM_r121,0.9163753419072568,0.9257166771291065,2.136723041534424,magic,900
LightGBM_r161,0.9163327461199802,0.9252284299365279,1.7892725467681885,magic,900
XGBoost_r98,0.9162627673265971,0.9274952919020716,2.202152967453003,magic,900
LightGBM_r96,0.9161897459769801,0.9356036827788241,1.4323554039001465,magic,900
XGBoost,0.9159767670405967,0.9344528143963171,0.44075846672058105,magic,900
LightGBM_r143,0.9159280861408521,0.9249668689405036,1.0472474098205566,magic,900
XGBoost_r33,0.9155264687179581,0.9246181209458044,1.2369818687438965,magic,900
LightGBM_r130,0.9154930005993835,0.9286287228848434,0.37683534622192383,magic,900
XGBoost_r194,0.9154504048121068,0.9331450094161959,0.5181992053985596,magic,900
XGBoost_r95,0.9147475743220423,0.9361965543698123,0.44699907302856445,magic,900
RandomForest_r166,0.9147323615408723,0.9292041570760968,1.1111478805541992,magic,900
RandomForestGini,0.9147323615408723,0.9292041570760968,1.158649206161499,magic,900
LightGBM_r135,0.9146076167352761,0.9303375880588686,0.5292365550994873,magic,900
ExtraTrees_r178,0.914248595099659,0.925141242937853,0.5746114253997803,magic,900
XGBoost_r22,0.9140173608258714,0.9299714026644346,0.41156625747680664,magic,900
LightGBM_r94,0.9138317648955948,0.9314884564413755,0.6182296276092529,magic,900
ExtraTrees_r172,0.9132293387612537,0.9259433633256609,0.6126959323883057,magic,900
XGBoost_r34,0.912785125551083,0.9237636883587919,1.0349652767181396,magic,900
RandomForest_r15,0.9125478061648274,0.9289077212806026,1.8513257503509521,magic,900
XGBoost_r89,0.9120853376172525,0.9335111948106298,0.3434634208679199,magic,900
RandomForest_r39,0.9112395069841879,0.9270593569086978,2.051140069961548,magic,900
LightGBMLarge,0.9097364842045693,0.9175908488526191,1.008110523223877,magic,900
RandomForest_r195,0.9094504839185691,0.9275911976006137,1.940218210220337,magic,900
RandomForest_r127,0.9086168235104406,0.9298667782660249,2.313843011856079,magic,900
RandomForest_r16,0.9078318440020569,0.9277568528980958,2.781702756881714,magic,900
ExtraTrees_r4,0.9020844552759447,0.9092732091790474,0.5564618110656738,magic,900
RandomForest_r34,0.8987619838683669,0.9132838111180861,1.2148220539093018,magic,900
